530,1/4/2020,Andhra Pradesh,1,0,83
531,1/4/2020,Andaman and Nicobar Islands,0,0,10
532,1/4/2020,Assam,0,0,1
533,1/4/2020,Bihar,0,1,23
534,1/4/2020,Chandigarh,0,0,16
535,1/4/2020,Chhattisgarh,2,0,9
536,1/4/2020,Delhi,6,2,152
537,1/4/2020,Goa,0,0,5
538,1/4/2020,Gujarat,5,6,82
539,1/4/2020,Haryana,21,0,43
540,1/4/2020,Himachal Pradesh,0,1,3
541,1/4/2020,Jammu and Kashmir,2,2,62
542,1/4/2020,Jharkhand,0,0,1
543,1/4/2020,Karnataka,8,3,101
544,1/4/2020,Kerala,23,2,241
545,1/4/2020,Ladakh,3,0,13
546,1/4/2020,Madhya Pradesh,0,3,66
547,1/4/2020,Maharashtra,39,9,302
548,1/4/2020,Manipur,0,0,1
549,1/4/2020,Mizoram,0,0,1
550,1/4/2020,Odisha,0,0,4
551,1/4/2020,Puducherry,1,0,3
552,1/4/2020,Punjab,1,3,42
553,1/4/2020,Rajasthan,3,0,93
554,1/4/2020,Tamil Nadu,6,1,234
555,1/4/2020,Telangana,1,3,96
556,1/4/2020,Uttarakhand,2,0,7
557,1/4/2020,Uttar Pradesh,14,2,103
558,1/4/2020,West Bengal,6,3,37
559,2/4/2020,Andhra Pradesh,1,1,86
560,2/4/2020,Andaman and Nicobar Islands,0,0,10
561,2/4/2020,Assam,0,0,5
562,2/4/2020,Bihar,0,1,24
563,2/4/2020,Chandigarh,0,0,16
564,2/4/2020,Chhattisgarh,2,0,9
565,2/4/2020,Delhi,8,4,219
566,2/4/2020,Goa,0,0,5
567,2/4/2020,Gujarat,8,7,87
568,2/4/2020,Haryana,21,0,43
569,2/4/2020,Himachal Pradesh,1,1,3
570,2/4/2020,Jammu and Kashmir,2,2,62
571,2/4/2020,Jharkhand,0,0,1
572,2/4/2020,Karnataka,9,3,110
573,2/4/2020,Kerala,25,2,265
574,2/4/2020,Ladakh,3,0,13
575,2/4/2020,Madhya Pradesh,0,6,99
576,2/4/2020,Maharashtra,42,13,335
577,2/4/2020,Manipur,0,0,1
578,2/4/2020,Mizoram,0,0,1
579,2/4/2020,Odisha,0,0,4
580,2/4/2020,Puducherry,1,0,3
581,2/4/2020,Punjab,1,4,46
582,2/4/2020,Rajasthan,3,0,108
583,2/4/2020,Tamil Nadu,6,1,234
584,2/4/2020,Telangana,1,3,107
585,2/4/2020,Uttarakhand,2,0,7
586,2/4/2020,Uttar Pradesh,14,2,113
587,2/4/2020,West Bengal,6,3,53
588,3/4/2020,Andhra Pradesh,1,1,132
589,3/4/2020,Andaman and Nicobar Islands,0,0,10
590,3/4/2020,Arunachal Pradesh,0,0,1
591,3/4/2020,Assam,0,0,16
592,3/4/2020,Bihar,0,1,29
593,3/4/2020,Chandigarh,0,0,18
594,3/4/2020,Chhattisgarh,3,0,9
595,3/4/2020,Delhi,8,4,219
596,3/4/2020,Goa,0,0,6
597,3/4/2020,Gujarat,10,8,95
598,3/4/2020,Haryana,24,0,49
599,3/4/2020,Himachal Pradesh,1,1,6
600,3/4/2020,Jammu and Kashmir,3,2,75
601,3/4/2020,Jharkhand,0,0,2
602,3/4/2020,Karnataka,10,3,124
603,3/4/2020,Kerala,27,2,286
604,3/4/2020,Ladakh,3,0,14
605,3/4/2020,Madhya Pradesh,0,6,104
606,3/4/2020,Maharashtra,42,16,335
607,3/4/2020,Manipur,0,0,2
608,3/4/2020,Mizoram,0,0,1
609,3/4/2020,Odisha,0,0,5
610,3/4/2020,Puducherry,1,0,5
611,3/4/2020,Punjab,1,5,48
612,3/4/2020,Rajasthan,3,0,167
613,3/4/2020,Tamil Nadu,6,1,309
614,3/4/2020,Telangana,1,7,158
615,3/4/2020,Uttarakhand,2,0,10
616,3/4/2020,Uttar Pradesh,14,2,172
617,3/4/2020,West Bengal,3,3,63
618,3/4/2020,Unassigned,0,0,77
619,4/4/2020,Andhra Pradesh,1,1,161
620,4/4/2020,Andaman and Nicobar Islands,0,0,10
621,4/4/2020,Arunachal Pradesh,0,0,1
622,4/4/2020,Assam,0,0,24
623,4/4/2020,Bihar,0,1,30
624,4/4/2020,Chandigarh,0,0,18
625,4/4/2020,Chhattisgarh,3,0,9
626,4/4/2020,Delhi,15,6,445
627,4/4/2020,Goa,0,0,7
628,4/4/2020,Gujarat,14,10,105
629,4/4/2020,Haryana,24,0,49
630,4/4/2020,Himachal Pradesh,1,1,6
631,4/4/2020,Jammu and Kashmir,3,2,75
632,4/4/2020,Jharkhand,0,0,2
633,4/4/2020,Karnataka,12,3,128
634,4/4/2020,Kerala,41,2,295
635,4/4/2020,Ladakh,3,0,14
636,4/4/2020,Madhya Pradesh,0,6,104
637,4/4/2020,Maharashtra,42,24,490
638,4/4/2020,Manipur,0,0,2
639,4/4/2020,Mizoram,0,0,1
640,4/4/2020,Odisha,0,0,5
641,4/4/2020,Puducherry,1,0,5
642,4/4/2020,Punjab,1,5,57
643,4/4/2020,Rajasthan,21,0,200
644,4/4/2020,Tamil Nadu,6,2,411
645,4/4/2020,Telangana,1,7,159
646,4/4/2020,Uttarakhand,2,0,16
647,4/4/2020,Uttar Pradesh,19,2,174
648,4/4/2020,West Bengal,3,3,69
649,5/4/2020,Andhra Pradesh,1,1,190
650,5/4/2020,Andaman and Nicobar Islands,0,0,10
651,5/4/2020,Arunachal Pradesh,0,0,1
652,5/4/2020,Assam,0,0,26
653,5/4/2020,Bihar,0,1,30
654,5/4/2020,Chandigarh,0,0,18
655,5/4/2020,Chhattisgarh,3,0,9
656,5/4/2020,Delhi,18,7,503
657,5/4/2020,Goa,0,0,7
658,5/4/2020,Gujarat,18,11,122
659,5/4/2020,Haryana,25,1,59
660,5/4/2020,Himachal Pradesh,1,1,6
661,5/4/2020,Jammu and Kashmir,4,2,106
662,5/4/2020,Jharkhand,0,0,3
663,5/4/2020,Karnataka,12,4,144
664,5/4/2020,Kerala,49,2,306
665,5/4/2020,Ladakh,10,0,14
666,5/4/2020,Madhya Pradesh,0,9,165
667,5/4/2020,Maharashtra,42,24,490
668,5/4/2020,Manipur,0,0,2
669,5/4/2020,Mizoram,0,0,1
670,5/4/2020,Odisha,0,0,20
671,5/4/2020,Puducherry,1,0,5
672,5/4/2020,Punjab,1,5,57
673,5/4/2020,Rajasthan,21,0,200
674,5/4/2020,Tamil Nadu,6,3,485
675,5/4/2020,Telangana,32,7,269
676,5/4/2020,Uttarakhand,2,0,22
677,5/4/2020,Uttar Pradesh,19,2,227
678,5/4/2020,West Bengal,10,3,80
679,6/4/2020,Andhra Pradesh,1,3,226
680,6/4/2020,Andaman and Nicobar Islands,0,0,10
681,6/4/2020,Arunachal Pradesh,0,0,1
682,6/4/2020,Assam,0,0,26
683,6/4/2020,Bihar,0,1,32
684,6/4/2020,Chandigarh,0,0,18
685,6/4/2020,Chhattisgarh,8,0,10
686,6/4/2020,Delhi,19,7,523
687,6/4/2020,Goa,0,0,7
688,6/4/2020,Gujarat,22,12,144
689,6/4/2020,Haryana,25,1,84
690,6/4/2020,Himachal Pradesh,2,1,13
691,6/4/2020,Jammu and Kashmir,4,2,109
692,6/4/2020,Jharkhand,0,0,4
693,6/4/2020,Karnataka,12,4,151
694,6/4/2020,Kerala,55,2,314
695,6/4/2020,Ladakh,10,0,14
696,6/4/2020,Madhya Pradesh,0,9,165
697,6/4/2020,Maharashtra,56,45,748
698,6/4/2020,Manipur,0,0,2
699,6/4/2020,Mizoram,0,0,1
700,6/4/2020,Odisha,2,0,21
701,6/4/2020,Puducherry,1,0,5
702,6/4/2020,Punjab,4,6,76
703,6/4/2020,Rajasthan,21,0,274
704,6/4/2020,Tamil Nadu,8,5,571
705,6/4/2020,Telangana,34,7,321
706,6/4/2020,Uttarakhand,4,0,26
707,6/4/2020,Uttar Pradesh,21,3,305
708,6/4/2020,West Bengal,10,3,80
709,7/4/2020,Andhra Pradesh,1,3,266
710,7/4/2020,Andaman and Nicobar Islands,0,0,10
711,7/4/2020,Arunachal Pradesh,0,0,1
712,7/4/2020,Assam,0,0,26
713,7/4/2020,Bihar,0,1,32
714,7/4/2020,Chandigarh,7,0,18
715,7/4/2020,Chhattisgarh,9,0,10
716,7/4/2020,Delhi,21,7,576
717,7/4/2020,Goa,0,0,7
718,7/4/2020,Gujarat,25,13,165
719,7/4/2020,Haryana,25,1,90
720,7/4/2020,Himachal Pradesh,2,1,13
721,7/4/2020,Jammu and Kashmir,4,2,116
722,7/4/2020,Jharkhand,0,0,4
723,7/4/2020,Karnataka,25,4,175
724,7/4/2020,Kerala,58,2,327
725,7/4/2020,Ladakh,10,0,14
726,7/4/2020,Madhya Pradesh,0,13,229
727,7/4/2020,Maharashtra,56,48,868
728,7/4/2020,Manipur,0,0,2
729,7/4/2020,Mizoram,0,0,1
730,7/4/2020,Odisha,2,1,42
731,7/4/2020,Puducherry,1,0,5
732,7/4/2020,Punjab,4,7,91
733,7/4/2020,Rajasthan,21,3,288
734,7/4/2020,Tamil Nadu,8,5,621
735,7/4/2020,Telangana,35,7,364
736,7/4/2020,Tripura,0,0,1
737,7/4/2020,Uttarakhand,5,0,31
738,7/4/2020,Uttar Pradesh,21,3,305
739,7/4/2020,West Bengal,13,3,91
740,8/4/2020,Andhra Pradesh,5,4,305
741,8/4/2020,Andaman and Nicobar Islands,0,0,10
742,8/4/2020,Arunachal Pradesh,0,0,1
743,8/4/2020,Assam,0,0,27
744,8/4/2020,Bihar,0,1,38
745,8/4/2020,Chandigarh,7,0,18
746,8/4/2020,Chhattisgarh,9,0,10
747,8/4/2020,Delhi,21,9,576
748,8/4/2020,Goa,0,0,7
749,8/4/2020,Gujarat,25,13,165
750,8/4/2020,Haryana,28,3,147
751,8/4/2020,Himachal Pradesh,2,1,18
752,8/4/2020,Jammu and Kashmir,4,2,116
753,8/4/2020,Jharkhand,0,0,4
754,8/4/2020,Karnataka,25,4,175
755,8/4/2020,Kerala,70,2,336
756,8/4/2020,Ladakh,10,0,14
757,8/4/2020,Madhya Pradesh,0,13,229
758,8/4/2020,Maharashtra,79,64,1018
759,8/4/2020,Manipur,0,0,2
760,8/4/2020,Mizoram,0,0,1
761,8/4/2020,Odisha,2,1,42
762,8/4/2020,Puducherry,1,0,5
763,8/4/2020,Punjab,4,7,91
764,8/4/2020,Rajasthan,21,3,328
765,8/4/2020,Tamil Nadu,19,7,690
766,8/4/2020,Telangana,35,7,427
767,8/4/2020,Tripura,0,0,1
768,8/4/2020,Uttarakhand,5,0,31
769,8/4/2020,Uttar Pradesh,26,3,343
770,8/4/2020,West Bengal,13,5,99
771,9/4/2020,Andhra Pradesh,6,4,348
772,9/4/2020,Andaman and Nicobar Islands,0,0,11
773,9/4/2020,Arunachal Pradesh,0,0,1
774,9/4/2020,Assam,0,0,28
775,9/4/2020,Bihar,0,1,39
776,9/4/2020,Chandigarh,7,0,18
777,9/4/2020,Chhattisgarh,9,0,10
778,9/4/2020,Delhi,21,9,669
779,9/4/2020,Goa,0,0,7
780,9/4/2020,Gujarat,25,16,179
781,9/4/2020,Haryana,29,3,169
782,9/4/2020,Himachal Pradesh,2,1,18
783,9/4/2020,Jammu and Kashmir,4,4,158
784,9/4/2020,Jharkhand,0,0,13
785,9/4/2020,Karnataka,28,5,181
786,9/4/2020,Kerala,83,2,345
787,9/4/2020,Ladakh,10,0,14
788,9/4/2020,Madhya Pradesh,0,16,259
789,9/4/2020,Maharashtra,117,72,1135
790,9/4/2020,Manipur,1,0,2
791,9/4/2020,Mizoram,0,0,1
792,9/4/2020,Odisha,2,1,42
793,9/4/2020,Puducherry,1,0,5
794,9/4/2020,Punjab,4,8,101
795,9/4/2020,Rajasthan,21,3,383
796,9/4/2020,Tamil Nadu,21,8,738
797,9/4/2020,Telangana,35,7,442
798,9/4/2020,Tripura,0,0,1
799,9/4/2020,Uttarakhand,5,0,35
800,9/4/2020,Uttar Pradesh,31,4,410
801,9/4/2020,West Bengal,16,5,103
802,10/4/2020,Andhra Pradesh,7,6,363
803,10/4/2020,Andaman and Nicobar Islands,0,0,11
804,10/4/2020,Arunachal Pradesh,0,0,1
805,10/4/2020,Assam,0,0,29
806,10/4/2020,Bihar,0,1,60
807,10/4/2020,Chandigarh,7,0,18
808,10/4/2020,Chhattisgarh,9,0,10
809,10/4/2020,Delhi,25,13,898
810,10/4/2020,Goa,1,0,7
811,10/4/2020,Gujarat,26,17,241
812,10/4/2020,Haryana,29,3,169
813,10/4/2020,Himachal Pradesh,6,1,28
814,10/4/2020,Jammu and Kashmir,6,4,184
815,10/4/2020,Jharkhand,0,1,13
816,10/4/2020,Karnataka,30,6,197
817,10/4/2020,Kerala,96,2,357
818,10/4/2020,Ladakh,10,0,15
819,10/4/2020,Madhya Pradesh,0,16,259
820,10/4/2020,Maharashtra,125,97,1364
821,10/4/2020,Manipur,1,0,2
822,10/4/2020,Mizoram,0,0,1
823,10/4/2020,Odisha,2,1,44
824,10/4/2020,Puducherry,1,0,5
825,10/4/2020,Punjab,5,11,132
826,10/4/2020,Rajasthan,21,3,463
827,10/4/2020,Tamil Nadu,21,8,834
828,10/4/2020,Telangana,35,7,473
829,10/4/2020,Tripura,0,0,1
830,10/4/2020,Uttarakhand,5,0,35
831,10/4/2020,Uttar Pradesh,32,4,431
832,10/4/2020,West Bengal,16,5,116
833,11/4/2020,Andhra Pradesh,11,6,381
834,11/4/2020,Andaman and Nicobar Islands,0,0,11
835,11/4/2020,Arunachal Pradesh,0,0,1
836,11/4/2020,Assam,0,1,29
837,11/4/2020,Bihar,0,1,60
838,11/4/2020,Chandigarh,7,0,18
839,11/4/2020,Chhattisgarh,9,0,18
840,11/4/2020,Delhi,25,14,903
841,11/4/2020,Goa,1,0,7
842,11/4/2020,Gujarat,31,19,308
843,11/4/2020,Haryana,29,3,177
844,11/4/2020,Himachal Pradesh,6,1,28
845,11/4/2020,Jammu and Kashmir,6,4,207
846,11/4/2020,Jharkhand,0,1,17
847,11/4/2020,Karnataka,37,6,214
848,11/4/2020,Kerala,123,2,364
849,11/4/2020,Ladakh,10,0,15
850,11/4/2020,Madhya Pradesh,0,33,443
851,11/4/2020,Maharashtra,188,110,1574
852,11/4/2020,Manipur,1,0,2
853,11/4/2020,Mizoram,0,0,1
854,11/4/2020,Odisha,2,1,48
855,11/4/2020,Puducherry,1,0,7
856,11/4/2020,Punjab,5,11,132
857,11/4/2020,Rajasthan,21,3,553
858,11/4/2020,Tamil Nadu,44,8,911
859,11/4/2020,Telangana,43,9,504
860,11/4/2020,Tripura,0,0,2
861,11/4/2020,Uttarakhand,5,0,35
862,11/4/2020,Uttar Pradesh,32,4,433
863,11/4/2020,West Bengal,16,5,126
864,12/4/2020,Andhra Pradesh,11,6,381
865,12/4/2020,Andaman and Nicobar Islands,10,0,11
866,12/4/2020,Arunachal Pradesh,0,0,1
867,12/4/2020,Assam,0,1,29
868,12/4/2020,Bihar,19,1,64
869,12/4/2020,Chandigarh,7,0,19
870,12/4/2020,Chhattisgarh,10,0,25
871,12/4/2020,Delhi,25,19,1069
872,12/4/2020,Goa,5,0,7
873,12/4/2020,Gujarat,44,22,432
874,12/4/2020,Haryana,29,3,185
875,12/4/2020,Himachal Pradesh,6,1,32
876,12/4/2020,Jammu and Kashmir,6,4,224
877,12/4/2020,Jharkhand,0,1,17
878,12/4/2020,Karnataka,37,6,226
879,12/4/2020,Kerala,142,2,374
880,12/4/2020,Ladakh,10,0,15
881,12/4/2020,Madhya Pradesh,0,36,564
882,12/4/2020,Maharashtra,208,127,1761
883,12/4/2020,Manipur,1,0,2
884,12/4/2020,Mizoram,0,0,1
885,12/4/2020,Odisha,12,1,54
886,12/4/2020,Puducherry,1,0,7
887,12/4/2020,Punjab,5,11,151
888,12/4/2020,Rajasthan,21,3,700
889,12/4/2020,Tamil Nadu,44,10,969
890,12/4/2020,Telangana,43,9,504
891,12/4/2020,Tripura,0,0,2
892,12/4/2020,Uttarakhand,5,0,35
893,12/4/2020,Uttar Pradesh,45,5,452
894,12/4/2020,West Bengal,19,5,134
895,13/04/20,Andhra Pradesh,11,7,432
896,13/04/20,Andaman and Nicobar Islands,10,0,11
897,13/04/20,Arunachal Pradesh,0,0,1
898,13/04/20,Assam,0,1,31
899,13/04/20,Bihar,26,1,64
900,13/04/20,Chandigarh,7,0,21
901,13/04/20,Chhattisgarh,10,0,31
902,13/04/20,Delhi,27,24,1154
903,13/04/20,Goa,5,0,7
904,13/04/20,Gujarat,47,26,539
905,13/04/20,Haryana,29,3,185
906,13/04/20,Himachal Pradesh,13,1,32
907,13/04/20,Jammu and Kashmir,6,4,245
908,13/04/20,Jharkhand,0,2,19
909,13/04/20,Karnataka,59,6,247
910,13/04/20,Kerala,179,3,376
911,13/04/20,Ladakh,10,0,15
912,13/04/20,Madhya Pradesh,44,43,604
913,13/04/20,Maharashtra,217,149,1985
914,13/04/20,Manipur,1,0,2
915,13/04/20,Mizoram,0,0,1
916,13/04/20,Nagaland,0,0,1
917,13/04/20,Odisha,12,1,54
918,13/04/20,Puducherry,1,0,7
919,13/04/20,Punjab,14,11,167
920,13/04/20,Rajasthan,21,3,812
921,13/04/20,Tamil Nadu,50,11,1075
922,13/04/20,Telangana,100,16,562
923,13/04/20,Tripura,0,0,2
924,13/04/20,Uttarakhand,5,0,35
925,13/04/20,Uttar Pradesh,47,5,483
926,13/04/20,West Bengal,29,7,152
927,14/04/20,Andhra Pradesh,14,9,473
928,14/04/20,Andaman and Nicobar Islands,10,0,11
929,14/04/20,Arunachal Pradesh,0,0,1
930,14/04/20,Assam,0,1,31
931,14/04/20,Bihar,26,1,66
932,14/04/20,Chandigarh,7,0,21
933,14/04/20,Chhattisgarh,10,0,31
934,14/04/20,Delhi,30,28,1510
935,14/04/20,Goa,5,0,7
936,14/04/20,Gujarat,55,26,617
937,14/04/20,Haryana,34,3,199
938,14/04/20,Himachal Pradesh,13,1,32
939,14/04/20,Jammu and Kashmir,16,4,270
940,14/04/20,Jharkhand,0,2,24
941,14/04/20,Karnataka,65,9,258
942,14/04/20,Kerala,198,3,379
943,14/04/20,Ladakh,10,0,15
944,14/04/20,Madhya Pradesh,51,50,730
945,14/04/20,Maharashtra,229,160,2337
946,14/04/20,Manipur,1,0,2
947,14/04/20,Meghalaya,0,0,1
948,14/04/20,Mizoram,0,0,1
949,14/04/20,Nagaland,0,0,1
950,14/04/20,Odisha,18,1,55
951,14/04/20,Puducherry,1,0,7
952,14/04/20,Punjab,14,12,176
953,14/04/20,Rajasthan,133,3,879
954,14/04/20,Tamil Nadu,58,11,1173
955,14/04/20,Telangana,100,17,624
956,14/04/20,Tripura,0,0,2
957,14/04/20,Uttarakhand,7,0,35
958,14/04/20,Uttar Pradesh,49,5,657
959,14/04/20,West Bengal,36,7,190
960,15/04/20,Andaman and Nicobar Islands,10,0,11
961,15/04/20,Andhra Pradesh,16,9,503
962,15/04/20,Arunachal Pradesh,0,0,1
963,15/04/20,Assam,0,1,33
964,15/04/20,Bihar,29,1,70
965,15/04/20,Chandigarh,7,0,21
966,15/04/20,Chhattisgarh,13,0,33
967,15/04/20,Delhi,30,30,1561
968,15/04/20,Goa,5,0,7
969,15/04/20,Gujarat,59,30,695
970,15/04/20,Haryana,34,3,199
971,15/04/20,Himachal Pradesh,13,1,33
972,15/04/20,Jammu and Kashmir,30,4,278
973,15/04/20,Jharkhand,0,2,27
974,15/04/20,Karnataka,75,11,277
975,15/04/20,Kerala,211,3,387
976,15/04/20,Ladakh,10,0,17
977,15/04/20,Madhya Pradesh,64,53,987
978,15/04/20,Maharashtra,259,178,2687
979,15/04/20,Manipur,1,0,2
980,15/04/20,Meghalaya,0,1,7
981,15/04/20,Mizoram,0,0,1
982,15/04/20,Nagaland,0,0,0
983,15/04/20,Odisha,18,1,60
984,15/04/20,Puducherry,1,0,7
985,15/04/20,Punjab,14,13,186
986,15/04/20,Rajasthan,147,3,1005
987,15/04/20,Tamil Nadu,81,12,1204
988,15/04/20,Telangana,120,18,647
989,15/04/20,Tripura,0,0,2
990,15/04/20,Uttarakhand,9,0,37
991,15/04/20,Uttar Pradesh,51,11,735
992,15/04/20,West Bengal,37,7,213
993,16/04/20,Andaman and Nicobar Islands,10,0,11
994,16/04/20,Andhra Pradesh,20,14,534
995,16/04/20,Arunachal Pradesh,0,0,1
996,16/04/20,Assam,5,1,33
997,16/04/20,Bihar,29,1,74
998,16/04/20,Chandigarh,7,0,21
999,16/04/20,Chhattisgarh,17,0,33
1000,16/04/20,Delhi,42,32,1578
1001,16/04/20,Goa,5,0,7
1002,16/04/20,Gujarat,64,36,871
1003,16/04/20,Haryana,43,3,205
1004,16/04/20,Himachal Pradesh,16,1,35
1005,16/04/20,Jammu and Kashmir,36,4,300
1006,16/04/20,Jharkhand,0,2,28
1007,16/04/20,Karnataka,82,13,315
1008,16/04/20,Kerala,218,3,388
1009,16/04/20,Ladakh,10,0,17
1010,16/04/20,Madhya Pradesh,64,53,1120
1011,16/04/20,Maharashtra,295,187,2919
1012,16/04/20,Manipur,1,0,2
1013,16/04/20,Meghalaya,0,1,7
1014,16/04/20,Mizoram,0,0,1
1015,16/04/20,Nagaland,0,0,0
1016,16/04/20,Odisha,18,1,60
1017,16/04/20,Puducherry,1,0,7
1018,16/04/20,Punjab,27,13,186
1019,16/04/20,Rajasthan,147,3,1023
1020,16/04/20,Tamil Nadu,118,14,1242
1021,16/04/20,Telangana,120,18,698
1022,16/04/20,Tripura,1,0,2
1023,16/04/20,Uttarakhand,9,0,37
1024,16/04/20,Uttar Pradesh,68,13,773
1025,16/04/20,West Bengal,42,7,231
1026,17/04/20,Andaman and Nicobar Islands,10,0,11
1027,17/04/20,Andhra Pradesh,36,14,572
1028,17/04/20,Arunachal Pradesh,0,0,1
1029,17/04/20,Assam,5,1,35
1030,17/04/20,Bihar,37,1,83
1031,17/04/20,Chandigarh,9,0,21
1032,17/04/20,Chhattisgarh,23,0,36
1033,17/04/20,Delhi,51,38,1640
1034,17/04/20,Goa,6,0,7
1035,17/04/20,Gujarat,74,38,1021
1036,17/04/20,Haryana,43,3,205
1037,17/04/20,Himachal Pradesh,16,1,35
1038,17/04/20,Jammu and Kashmir,38,4,314
1039,17/04/20,Jharkhand,0,2,29
1040,17/04/20,Karnataka,82,13,353
1041,17/04/20,Kerala,245,3,395
1042,17/04/20,Ladakh,14,0,18
1043,17/04/20,Madhya Pradesh,65,57,1308
1044,17/04/20,Maharashtra,300,194,3205
1045,17/04/20,Manipur,1,0,2
1046,17/04/20,Meghalaya,0,1,9
1047,17/04/20,Mizoram,0,0,1
1048,17/04/20,Nagaland,0,0,0
1049,17/04/20,Odisha,19,1,60
1050,17/04/20,Puducherry,1,0,7
1051,17/04/20,Punjab,27,13,186
1052,17/04/20,Rajasthan,164,11,1131
1053,17/04/20,Tamil Nadu,180,15,1267
1054,17/04/20,Telangana,186,18,743
1055,17/04/20,Tripura,1,0,2
1056,17/04/20,Uttarakhand,9,0,37
1057,17/04/20,Uttar Pradesh,74,14,846
1058,17/04/20,West Bengal,51,10,255
1059,18/04/20,Andaman and Nicobar Islands,11,0,12
1060,18/04/20,Andhra Pradesh,42,15,603
1061,18/04/20,Arunachal Pradesh,0,0,1
1062,18/04/20,Assam,9,1,35
1063,18/04/20,Bihar,37,2,85
1064,18/04/20,Chandigarh,9,0,21
1065,18/04/20,Chhattisgarh,24,0,36
1066,18/04/20,Delhi,72,42,1707
1067,18/04/20,Goa,6,0,7
1068,18/04/20,Gujarat,88,48,1272
1069,18/04/20,Haryana,43,3,225
1070,18/04/20,Himachal Pradesh,16,1,38
1071,18/04/20,Jammu and Kashmir,42,5,328
1072,18/04/20,Jharkhand,0,2,33
1073,18/04/20,Karnataka,92,13,371
1074,18/04/20,Kerala,255,3,396
1075,18/04/20,Ladakh,14,0,18
1076,18/04/20,Madhya Pradesh,69,69,1355
1077,18/04/20,Maharashtra,331,201,3323
1078,18/04/20,Manipur,1,0,2
1079,18/04/20,Meghalaya,0,1,11
1080,18/04/20,Mizoram,0,0,1
1081,18/04/20,Nagaland,0,0,0
1082,18/04/20,Odisha,21,1,60
1083,18/04/20,Puducherry,3,0,7
1084,18/04/20,Punjab,27,13,202
1085,18/04/20,Rajasthan,183,11,1229
1086,18/04/20,Tamil Nadu,283,15,1323
1087,18/04/20,Telangana,186,18,791
1088,18/04/20,Tripura,1,0,2
1089,18/04/20,Uttarakhand,9,0,42
1090,18/04/20,Uttar Pradesh,86,14,969
1091,18/04/20,West Bengal,55,10,287
1092,19/04/20,Andaman and Nicobar Islands,11,0,14
1093,19/04/20,Andhra Pradesh,42,15,603
1094,19/04/20,Arunachal Pradesh,0,0,1
1095,19/04/20,Assam,12,1,35
1096,19/04/20,Bihar,37,2,86
1097,19/04/20,Chandigarh,10,0,23
1098,19/04/20,Chhattisgarh,24,0,36
1099,19/04/20,Delhi,72,43,1893
1100,19/04/20,Goa,6,0,7
1101,19/04/20,Gujarat,94,58,1604
1102,19/04/20,Haryana,87,3,233
1103,19/04/20,Himachal Pradesh,16,1,39
1104,19/04/20,Jammu and Kashmir,51,5,341
1105,19/04/20,Jharkhand,0,2,35
1106,19/04/20,Karnataka,104,14,384
1107,19/04/20,Kerala,257,3,400
1108,19/04/20,Ladakh,14,0,18
1109,19/04/20,Madhya Pradesh,127,70,1407
1110,19/04/20,Maharashtra,365,211,3651
1111,19/04/20,Manipur,1,0,2
1112,19/04/20,Meghalaya,0,1,11
1113,19/04/20,Mizoram,0,0,1
1114,19/04/20,Nagaland,0,0,0
1115,19/04/20,Odisha,24,1,61
1116,19/04/20,Puducherry,3,0,7
1117,19/04/20,Punjab,31,16,219
1118,19/04/20,Rajasthan,183,11,1351
1119,19/04/20,Tamil Nadu,365,15,1372
1120,19/04/20,Telangana,186,18,844
1121,19/04/20,Tripura,1,0,2
1122,19/04/20,Uttarakhand,9,0,42
1123,19/04/20,Uttar Pradesh,108,17,1084
1124,19/04/20,West Bengal,62,12,310
1125,20/04/20,Andaman and Nicobar Islands,11,0,15
1126,20/04/20,Andhra Pradesh,92,20,722
1127,20/04/20,Arunachal Pradesh,0,0,1
1128,20/04/20,Assam,17,1,35
1129,20/04/20,Bihar,42,2,96
1130,20/04/20,Chandigarh,13,0,26
1131,20/04/20,Chhattisgarh,25,0,36
1132,20/04/20,Delhi,290,45,2003
1133,20/04/20,Goa,7,0,7
1134,20/04/20,Gujarat,106,67,1851
1135,20/04/20,Haryana,87,3,233
1136,20/04/20,Himachal Pradesh,16,1,39
1137,20/04/20,Jammu and Kashmir,56,5,350
1138,20/04/20,Jharkhand,0,2,42
1139,20/04/20,Karnataka,111,16,395
1140,20/04/20,Kerala,270,3,402
1141,20/04/20,Ladakh,14,0,18
1142,20/04/20,Madhya Pradesh,127,74,1485
1143,20/04/20,Maharashtra,507,223,4203
1144,20/04/20,Manipur,2,0,2
1145,20/04/20,Meghalaya,0,1,11
1146,20/04/20,Mizoram,0,0,1
1147,20/04/20,Nagaland,0,0,0
1148,20/04/20,Odisha,24,1,68
1149,20/04/20,Puducherry,3,0,7
1150,20/04/20,Punjab,31,16,219
1151,20/04/20,Rajasthan,183,14,1478
1152,20/04/20,Tamil Nadu,411,15,1477
1153,20/04/20,Telangana,190,21,873
1154,20/04/20,Tripura,1,0,2
1155,20/04/20,Uttarakhand,11,0,44
1156,20/04/20,Uttar Pradesh,129,17,1176
1157,20/04/20,West Bengal,66,12,339
1158,21/04/20,Andaman and Nicobar Islands,11,0,16
1159,21/04/20,Andhra Pradesh,96,22,757
1160,21/04/20,Arunachal Pradesh,1,0,1
1161,21/04/20,Assam,19,1,35
1162,21/04/20,Bihar,42,2,114
1163,21/04/20,Chandigarh,13,0,26
1164,21/04/20,Chhattisgarh,25,0,36
1165,21/04/20,Delhi,431,47,2081
1166,21/04/20,Goa,7,0,7
1167,21/04/20,Gujarat,131,77,2066
1168,21/04/20,Haryana,127,3,254
1169,21/04/20,Himachal Pradesh,16,1,39
1170,21/04/20,Jammu and Kashmir,71,5,368
1171,21/04/20,Jharkhand,0,2,46
1172,21/04/20,Karnataka,114,17,415
1173,21/04/20,Kerala,291,3,408
1174,21/04/20,Ladakh,14,0,18
1175,21/04/20,Madhya Pradesh,127,76,1540
1176,21/04/20,Maharashtra,572,232,4669
1177,21/04/20,Manipur,2,0,2
1178,21/04/20,Meghalaya,0,1,11
1179,21/04/20,Mizoram,0,0,1
1180,21/04/20,Nagaland,0,0,0
1181,21/04/20,Odisha,24,1,74
1182,21/04/20,Puducherry,3,0,7
1183,21/04/20,Punjab,39,16,245
1184,21/04/20,Rajasthan,205,25,1576
1185,21/04/20,Tamil Nadu,457,17,1520
1186,21/04/20,Telangana,190,23,919
1187,21/04/20,Tripura,1,0,2
1188,21/04/20,Uttarakhand,18,0,46
1189,21/04/20,Uttar Pradesh,140,20,1294
1190,21/04/20,West Bengal,73,12,392
1191,22/04/20,Andaman and Nicobar Islands,11,0,17
1192,22/04/20,Andhra Pradesh,120,24,813
1193,22/04/20,Arunachal Pradesh,1,0,1
1194,22/04/20,Assam,19,1,35
1195,22/04/20,Bihar,46,2,126
1196,22/04/20,Chandigarh,14,0,27
1197,22/04/20,Chhattisgarh,26,0,36
1198,22/04/20,Delhi,611,47,2156
1199,22/04/20,Goa,7,0,7
1200,22/04/20,Gujarat,144,95,2272
1201,22/04/20,Haryana,127,3,254
1202,22/04/20,Himachal Pradesh,16,1,39
1203,22/04/20,Jammu and Kashmir,81,5,380
1204,22/04/20,Jharkhand,0,3,45
1205,22/04/20,Karnataka,129,17,425
1206,22/04/20,Kerala,323,3,427
1207,22/04/20,Ladakh,14,0,18
1208,22/04/20,Madhya Pradesh,148,80,1592
1209,22/04/20,Maharashtra,722,251,5221
1210,22/04/20,Manipur,2,0,2
1211,22/04/20,Meghalaya,0,1,12
1212,22/04/20,Mizoram,0,0,1
1213,22/04/20,Odisha,30,1,82
1214,22/04/20,Puducherry,3,0,7
1215,22/04/20,Punjab,49,16,251
1216,22/04/20,Rajasthan,230,25,1801
1217,22/04/20,Tamil Nadu,635,18,1596
1218,22/04/20,Telangana,194,23,945
1219,22/04/20,Tripura,1,0,2
1220,22/04/20,Uttarakhand,19,0,46
1221,22/04/20,Uttar Pradesh,165,21,1412
1222,22/04/20,West Bengal,73,15,423
1223,23/04/20,Andaman and Nicobar Islands,11,0,18
1224,23/04/20,Andhra Pradesh,141,27,895
1225,23/04/20,Arunachal Pradesh,1,0,1
1226,23/04/20,Assam,19,1,35
1227,23/04/20,Bihar,46,2,148
1228,23/04/20,Chandigarh,14,0,27
1229,23/04/20,Chhattisgarh,28,0,36
1230,23/04/20,Delhi,724,48,2248
1231,23/04/20,Goa,7,0,7
1232,23/04/20,Gujarat,179,103,2407
1233,23/04/20,Haryana,140,3,262
1234,23/04/20,Himachal Pradesh,18,1,40
1235,23/04/20,Jammu and Kashmir,92,5,407
1236,23/04/20,Jharkhand,8,3,49
1237,23/04/20,Karnataka,141,17,443
1238,23/04/20,Kerala,324,3,438
1239,23/04/20,Ladakh,14,0,18
1240,23/04/20,Madhya Pradesh,148,81,1695
1241,23/04/20,Maharashtra,789,269,5652
1242,23/04/20,Manipur,2,0,2
1243,23/04/20,Meghalaya,0,1,12
1244,23/04/20,Mizoram,0,0,1
1245,23/04/20,Odisha,32,1,83
1246,23/04/20,Puducherry,3,0,7
1247,23/04/20,Punjab,65,16,277
1248,23/04/20,Rajasthan,230,27,1890
1249,23/04/20,Tamil Nadu,662,18,1629
1250,23/04/20,Telangana,197,24,960
1251,23/04/20,Tripura,1,0,2
1252,23/04/20,Uttarakhand,23,0,46
1253,23/04/20,Uttar Pradesh,187,21,1509
1254,23/04/20,West Bengal,79,15,456
1255,24/04/20,Andaman and Nicobar Islands,11,0,22
1256,24/04/20,Andhra Pradesh,145,29,955
1257,24/04/20,Arunachal Pradesh,1,0,1
1258,24/04/20,Assam,19,1,36
1259,24/04/20,Bihar,46,2,176
1260,24/04/20,Chandigarh,14,0,27
1261,24/04/20,Chhattisgarh,28,0,36
1262,24/04/20,Delhi,808,50,2376
1263,24/04/20,Goa,7,0,7
1264,24/04/20,Gujarat,258,112,2624
1265,24/04/20,Haryana,156,3,272
1266,24/04/20,Himachal Pradesh,18,1,40
1267,24/04/20,Jammu and Kashmir,92,5,427
1268,24/04/20,Jharkhand,8,3,55
1269,24/04/20,Karnataka,150,18,463
1270,24/04/20,Kerala,324,3,448
1271,24/04/20,Ladakh,14,0,18
1272,24/04/20,Madhya Pradesh,203,83,1852
1273,24/04/20,Maharashtra,840,283,6430
1274,24/04/20,Manipur,2,0,2
1275,24/04/20,Meghalaya,0,1,12
1276,24/04/20,Mizoram,0,0,1
1277,24/04/20,Odisha,33,1,90
1278,24/04/20,Puducherry,3,0,7
1279,24/04/20,Punjab,65,16,277
1280,24/04/20,Rajasthan,230,27,1964
1281,24/04/20,Tamil Nadu,752,20,1683
1282,24/04/20,Telangana,253,26,984
1283,24/04/20,Tripura,1,0,2
1284,24/04/20,Uttarakhand,24,0,47
1285,24/04/20,Uttar Pradesh,206,24,1604
1286,24/04/20,West Bengal,103,15,514
1287,25/04/20,Andaman and Nicobar Islands,11,0,27
1288,25/04/20,Andhra Pradesh,171,31,1061
1289,25/04/20,Arunachal Pradesh,1,0,1
1290,25/04/20,Assam,19,1,36
1291,25/04/20,Bihar,46,2,228
1292,25/04/20,Chandigarh,15,0,28
1293,25/04/20,Chhattisgarh,30,0,36
1294,25/04/20,Delhi,857,53,2514
1295,25/04/20,Goa,7,0,7
1296,25/04/20,Gujarat,265,127,2815
1297,25/04/20,Haryana,156,3,272
1298,25/04/20,Himachal Pradesh,18,1,40
1299,25/04/20,Jammu and Kashmir,109,5,454
1300,25/04/20,Jharkhand,9,3,59
1301,25/04/20,Karnataka,153,18,489
1302,25/04/20,Kerala,331,4,451
1303,25/04/20,Ladakh,14,0,20
1304,25/04/20,Madhya Pradesh,210,92,1952
1305,25/04/20,Maharashtra,957,301,6817
1306,25/04/20,Manipur,2,0,2
1307,25/04/20,Meghalaya,0,1,12
1308,25/04/20,Mizoram,0,0,1
1309,25/04/20,Odisha,33,1,94
1310,25/04/20,Puducherry,3,0,7
1311,25/04/20,Punjab,67,17,298
1312,25/04/20,Rajasthan,230,27,2034
1313,25/04/20,Tamil Nadu,866,22,1755
1314,25/04/20,Telangana,253,26,984
1315,25/04/20,Tripura,1,0,2
1316,25/04/20,Uttarakhand,25,0,48
1317,25/04/20,Uttar Pradesh,248,26,1778
1318,25/04/20,West Bengal,103,18,571
1319,26/04/20,Andaman and Nicobar Islands,11,0,33
1320,26/04/20,Andhra Pradesh,231,31,1097
1321,26/04/20,Arunachal Pradesh,1,0,1
1322,26/04/20,Assam,19,1,36
1323,26/04/20,Bihar,46,2,251
1324,26/04/20,Chandigarh,17,0,30
1325,26/04/20,Chhattisgarh,32,0,37
1326,26/04/20,Delhi,869,54,2625
1327,26/04/20,Goa,7,0,7
1328,26/04/20,Gujarat,282,133,3071
1329,26/04/20,Haryana,176,3,289
1330,26/04/20,Himachal Pradesh,22,1,40
1331,26/04/20,Jammu and Kashmir,112,6,494
1332,26/04/20,Jharkhand,13,3,67
1333,26/04/20,Karnataka,177,18,501
1334,26/04/20,Kerala,338,4,458
1335,26/04/20,Ladakh,14,0,20
1336,26/04/20,Madhya Pradesh,210,99,2096
1337,26/04/20,Maharashtra,1076,323,7628
1338,26/04/20,Manipur,2,0,2
1339,26/04/20,Meghalaya,0,1,12
1340,26/04/20,Mizoram,0,0,1
1341,26/04/20,Odisha,34,1,103
1342,26/04/20,Puducherry,3,0,7
1343,26/04/20,Punjab,67,17,298
1344,26/04/20,Rajasthan,493,33,2083
1345,26/04/20,Tamil Nadu,960,23,1821
1346,26/04/20,Telangana,280,26,991
1347,26/04/20,Tripura,2,0,2
1348,26/04/20,Uttarakhand,26,0,50
1349,26/04/20,Uttar Pradesh,289,29,1843
1350,26/04/20,West Bengal,105,18,611
1351,27/04/20,Andaman and Nicobar Islands,11,0,33
1352,27/04/20,Andhra Pradesh,235,31,1177
1353,27/04/20,Arunachal Pradesh,1,0,1
1354,27/04/20,Assam,27,1,36
1355,27/04/20,Bihar,56,2,277
1356,27/04/20,Chandigarh,17,0,30
1357,27/04/20,Chhattisgarh,32,0,37
1358,27/04/20,Delhi,877,54,2918
1359,27/04/20,Goa,7,0,7
1360,27/04/20,Gujarat,313,151,3301
1361,27/04/20,Haryana,176,3,289
1362,27/04/20,Himachal Pradesh,22,1,40
1363,27/04/20,Jammu and Kashmir,137,6,523
1364,27/04/20,Jharkhand,13,3,82
1365,27/04/20,Karnataka,188,20,511
1366,27/04/20,Kerala,342,4,469
1367,27/04/20,Ladakh,14,0,20
1368,27/04/20,Madhya Pradesh,302,106,2168
1369,27/04/20,Maharashtra,1188,342,8068
1370,27/04/20,Manipur,2,0,2
1371,27/04/20,Meghalaya,0,1,12
1372,27/04/20,Mizoram,0,0,1
1373,27/04/20,Odisha,35,1,108
1374,27/04/20,Puducherry,3,0,8
1375,27/04/20,Punjab,71,18,313
1376,27/04/20,Rajasthan,518,41,2185
1377,27/04/20,Tamil Nadu,1020,24,1885
1378,27/04/20,Telangana,280,26,1002
1379,27/04/20,Tripura,2,0,2
1380,27/04/20,Uttarakhand,33,0,51
1381,27/04/20,Uttar Pradesh,335,31,1955
1382,27/04/20,West Bengal,105,20,649
1383,28/04/20,Andaman and Nicobar Islands,11,0,33
1384,28/04/20,Andhra Pradesh,258,31,1259
1385,28/04/20,Arunachal Pradesh,1,0,1
1386,28/04/20,Assam,27,1,38
1387,28/04/20,Bihar,57,2,346
1388,28/04/20,Chandigarh,17,0,40
1389,28/04/20,Chhattisgarh,32,0,37
1390,28/04/20,Delhi,877,54,3108
1391,28/04/20,Goa,7,0,7
1392,28/04/20,Gujarat,394,162,3548
1393,28/04/20,Haryana,183,3,296
1394,28/04/20,Himachal Pradesh,22,1,40
1395,28/04/20,Jammu and Kashmir,164,7,546
1396,28/04/20,Jharkhand,17,3,103
1397,28/04/20,Karnataka,198,20,520
1398,28/04/20,Kerala,355,4,482
1399,28/04/20,Ladakh,16,0,22
1400,28/04/20,Madhya Pradesh,361,113,2368
1401,28/04/20,Maharashtra,1282,369,8590
1402,28/04/20,Manipur,2,0,2
1403,28/04/20,Meghalaya,0,1,12
1404,28/04/20,Mizoram,0,0,1
1405,28/04/20,Odisha,37,1,118
1406,28/04/20,Puducherry,3,0,8
1407,28/04/20,Punjab,71,18,313
1408,28/04/20,Rajasthan,669,46,2262
1409,28/04/20,Tamil Nadu,1101,24,1937
1410,28/04/20,Telangana,321,26,1004
1411,28/04/20,Tripura,2,0,2
1412,28/04/20,Uttarakhand,33,0,51
1413,28/04/20,Uttar Pradesh,400,31,2043
1414,28/04/20,West Bengal,109,20,697
1415,29/04/20,Andaman and Nicobar Islands,15,0,33
1416,29/04/20,Andhra Pradesh,287,31,1332
1417,29/04/20,Arunachal Pradesh,1,0,1
1418,29/04/20,Assam,27,1,38
1419,29/04/20,Bihar,64,2,383
1420,29/04/20,Chandigarh,17,0,56
1421,29/04/20,Chhattisgarh,34,0,38
1422,29/04/20,Delhi,1078,54,3314
1423,29/04/20,Goa,7,0,7
1424,29/04/20,Gujarat,434,181,3774
1425,29/04/20,Haryana,209,3,310
1426,29/04/20,Himachal Pradesh,25,1,40
1427,29/04/20,Jammu and Kashmir,176,8,565
1428,29/04/20,Jharkhand,19,3,105
1429,29/04/20,Karnataka,215,20,532
1430,29/04/20,Kerala,359,4,486
1431,29/04/20,Ladakh,16,0,22
1432,29/04/20,Madhya Pradesh,377,119,2561
1433,29/04/20,Maharashtra,1388,400,9318
1434,29/04/20,Manipur,2,0,2
1435,29/04/20,Meghalaya,0,1,12
1436,29/04/20,Mizoram,0,0,1
1437,29/04/20,Odisha,38,1,119
1438,29/04/20,Puducherry,3,0,8
1439,29/04/20,Punjab,71,19,322
1440,29/04/20,Rajasthan,768,51,2364
1441,29/04/20,Tamil Nadu,1168,25,2058
1442,29/04/20,Telangana,367,26,1012
1443,29/04/20,Tripura,2,0,2
1444,29/04/20,Uttarakhand,34,0,54
1445,29/04/20,Uttar Pradesh,477,36,2115
1446,29/04/20,West Bengal,119,22,725
1447,30/04/20,Andaman and Nicobar Islands,15,0,33
1448,30/04/20,Andhra Pradesh,321,31,1403
1449,30/04/20,Arunachal Pradesh,1,0,1
1450,30/04/20,Assam,29,1,42
1451,30/04/20,Bihar,65,2,403
1452,30/04/20,Chandigarh,17,0,56
1453,30/04/20,Chhattisgarh,36,0,38
1454,30/04/20,Delhi,1092,56,3439
1455,30/04/20,Goa,7,0,7
1456,30/04/20,Gujarat,527,197,4082
1457,30/04/20,Haryana,209,3,310
1458,30/04/20,Himachal Pradesh,25,1,40
1459,30/04/20,Jammu and Kashmir,192,8,581
1460,30/04/20,Jharkhand,19,3,107
1461,30/04/20,Karnataka,223,21,557
1462,30/04/20,Kerala,369,4,496
1463,30/04/20,Ladakh,16,0,22
1464,30/04/20,Madhya Pradesh,461,130,2660
1465,30/04/20,Maharashtra,1593,432,9915
1466,30/04/20,Manipur,2,0,2
1467,30/04/20,Meghalaya,0,1,12
1468,30/04/20,Mizoram,0,0,1
1469,30/04/20,Odisha,39,1,128
1470,30/04/20,Puducherry,5,0,8
1471,30/04/20,Punjab,90,19,357
1472,30/04/20,Rajasthan,768,51,2438
1473,30/04/20,Tamil Nadu,1210,27,2162
1474,30/04/20,Telangana,367,26,1012
1475,30/04/20,Tripura,2,0,2
1476,30/04/20,Uttarakhand,36,0,55
1477,30/04/20,Uttar Pradesh,513,39,2203
1478,30/04/20,West Bengal,124,22,758
1479,1/5/2020,Andaman and Nicobar Islands,16,0,33
1480,1/5/2020,Andhra Pradesh,403,33,1463
1481,1/5/2020,Arunachal Pradesh,1,0,1
1482,1/5/2020,Assam,29,1,42
1483,1/5/2020,Bihar,82,2,426
1484,1/5/2020,Chandigarh,17,0,56
1485,1/5/2020,Chhattisgarh,36,0,40
1486,1/5/2020,Delhi,1094,59,3515
1487,1/5/2020,Goa,7,0,7
1488,1/5/2020,Gujarat,613,214,4395
1489,1/5/2020,Haryana,209,3,313
1490,1/5/2020,Himachal Pradesh,28,1,40
1491,1/5/2020,Jammu and Kashmir,216,8,614
1492,1/5/2020,Jharkhand,20,3,111
1493,1/5/2020,Karnataka,235,22,576
1494,1/5/2020,Kerala,383,4,497
1495,1/5/2020,Ladakh,16,0,22
1496,1/5/2020,Madhya Pradesh,482,137,2719
1497,1/5/2020,Maharashtra,1773,459,10498
1498,1/5/2020,Manipur,2,0,2
1499,1/5/2020,Meghalaya,0,1,12
1500,1/5/2020,Mizoram,0,0,1
1501,1/5/2020,Odisha,41,1,143
1502,1/5/2020,Puducherry,5,0,8
1503,1/5/2020,Punjab,90,19,357
1504,1/5/2020,Rajasthan,836,58,2584
1505,1/5/2020,Tamil Nadu,1258,27,2323
1506,1/5/2020,Telangana,441,26,1039
1507,1/5/2020,Tripura,2,0,2
1508,1/5/2020,Uttarakhand,36,0,57
1509,1/5/2020,Uttar Pradesh,555,41,2281
1510,1/5/2020,West Bengal,139,33,795
1511,2/5/2020,Andaman and Nicobar Islands,16,0,33
1512,2/5/2020,Andhra Pradesh,403,33,1463
1513,2/5/2020,Arunachal Pradesh,1,0,1
1514,2/5/2020,Assam,32,1,43
1515,2/5/2020,Bihar,98,3,471
1516,2/5/2020,Chandigarh,17,0,88
1517,2/5/2020,Chhattisgarh,36,0,43
1518,2/5/2020,Delhi,1167,61,3738
1519,2/5/2020,Goa,7,0,7
1520,2/5/2020,Gujarat,735,236,4721
1521,2/5/2020,Haryana,227,4,360
1522,2/5/2020,Himachal Pradesh,30,1,40
1523,2/5/2020,Jammu and Kashmir,247,8,639
1524,2/5/2020,Jharkhand,20,3,111
1525,2/5/2020,Karnataka,251,22,589
1526,2/5/2020,Kerala,392,4,497
1527,2/5/2020,Ladakh,17,0,22
1528,2/5/2020,Madhya Pradesh,524,145,2719
1529,2/5/2020,Maharashtra,1879,485,11506
1530,2/5/2020,Manipur,2,0,2
1531,2/5/2020,Meghalaya,0,1,12
1532,2/5/2020,Mizoram,0,0,1
1533,2/5/2020,Odisha,55,1,149
1534,2/5/2020,Puducherry,5,0,8
1535,2/5/2020,Punjab,90,19,480
1536,2/5/2020,Rajasthan,1116,62,2666
1537,2/5/2020,Tamil Nadu,1312,28,2526
1538,2/5/2020,Telangana,441,26,1039
1539,2/5/2020,Tripura,2,0,2
1540,2/5/2020,Uttarakhand,36,0,58
1541,2/5/2020,Uttar Pradesh,654,42,2328
1542,2/5/2020,West Bengal,139,33,795
1543,3/5/2020,Andaman and Nicobar Islands,17,0,33
1544,3/5/2020,Andhra Pradesh,488,33,1583
1545,3/5/2020,Arunachal Pradesh,1,0,1
1546,3/5/2020,Assam,32,1,43
1547,3/5/2020,Bihar,117,4,482
1548,3/5/2020,Chandigarh,19,0,94
1549,3/5/2020,Chhattisgarh,36,0,43
1550,3/5/2020,Delhi,1256,64,4122
1551,3/5/2020,Goa,7,0,7
1552,3/5/2020,Gujarat,896,262,5055
1553,3/5/2020,Haryana,227,4,394
1554,3/5/2020,Himachal Pradesh,33,1,40
1555,3/5/2020,Jammu and Kashmir,254,8,666
1556,3/5/2020,Jharkhand,22,3,115
1557,3/5/2020,Karnataka,282,25,606
1558,3/5/2020,Kerala,400,4,500
1559,3/5/2020,Ladakh,17,0,40
1560,3/5/2020,Madhya Pradesh,798,156,2846
1561,3/5/2020,Maharashtra,2000,521,12296
1562,3/5/2020,Manipur,2,0,2
1563,3/5/2020,Meghalaya,0,1,12
1564,3/5/2020,Mizoram,0,0,1
1565,3/5/2020,Odisha,56,1,160
1566,3/5/2020,Puducherry,5,0,8
1567,3/5/2020,Punjab,112,20,772
1568,3/5/2020,Rajasthan,1121,65,2772
1569,3/5/2020,Tamil Nadu,1341,29,2757
1570,3/5/2020,Telangana,458,28,1063
1571,3/5/2020,Tripura,2,0,4
1572,3/5/2020,Uttarakhand,39,0,59
1573,3/5/2020,Uttar Pradesh,698,43,2626
1574,3/5/2020,West Bengal,151,33,922
1575,4/5/2020,Andaman and Nicobar Islands,32,0,33
1576,4/5/2020,Andhra Pradesh,524,36,1650
1577,4/5/2020,Arunachal Pradesh,1,0,1
1578,4/5/2020,Assam,32,1,43
1579,4/5/2020,Bihar,125,4,517
1580,4/5/2020,Chandigarh,19,0,94
1581,4/5/2020,Chhattisgarh,36,0,57
1582,4/5/2020,Delhi,1362,64,4549
1583,4/5/2020,Goa,7,0,7
1584,4/5/2020,Gujarat,1042,290,5428
1585,4/5/2020,Haryana,245,5,442
1586,4/5/2020,Himachal Pradesh,34,1,40
1587,4/5/2020,Jammu and Kashmir,287,8,701
1588,4/5/2020,Jharkhand,22,3,115
1589,4/5/2020,Karnataka,304,26,642
1590,4/5/2020,Kerala,401,4,500
1591,4/5/2020,Ladakh,17,0,41
1592,4/5/2020,Madhya Pradesh,798,165,2942
1593,4/5/2020,Maharashtra,2115,548,12974
1594,4/5/2020,Manipur,2,0,2
1595,4/5/2020,Meghalaya,0,1,12
1596,4/5/2020,Mizoram,0,0,1
1597,4/5/2020,Odisha,60,1,163
1598,4/5/2020,Puducherry,5,0,8
1599,4/5/2020,Punjab,117,21,1102
1600,4/5/2020,Rajasthan,1356,71,2886
1601,4/5/2020,Tamil Nadu,1379,30,3023
1602,4/5/2020,Telangana,490,29,1082
1603,4/5/2020,Tripura,2,0,16
1604,4/5/2020,Uttarakhand,39,1,60
1605,4/5/2020,Uttar Pradesh,758,45,2742
1606,4/5/2020,West Bengal,151,35,963
1607,5/5/2020,Andaman and Nicobar Islands,32,0,33
1608,5/5/2020,Andhra Pradesh,589,36,1717
1609,5/5/2020,Arunachal Pradesh,1,0,1
1610,5/5/2020,Assam,32,1,43
1611,5/5/2020,Bihar,130,4,529
1612,5/5/2020,Chandigarh,21,1,102
1613,5/5/2020,Chhattisgarh,36,0,58
1614,5/5/2020,Delhi,1431,64,4898
1615,5/5/2020,Goa,7,0,7
1616,5/5/2020,Gujarat,1195,319,5804
1617,5/5/2020,Haryana,254,6,517
1618,5/5/2020,Himachal Pradesh,38,1,41
1619,5/5/2020,Jammu and Kashmir,303,8,726
1620,5/5/2020,Jharkhand,27,3,115
1621,5/5/2020,Karnataka,324,28,659
1622,5/5/2020,Kerala,462,4,500
1623,5/5/2020,Ladakh,17,0,41
1624,5/5/2020,Madhya Pradesh,1000,176,3049
1625,5/5/2020,Maharashtra,2465,583,14541
1626,5/5/2020,Manipur,2,0,2
1627,5/5/2020,Meghalaya,10,1,12
1628,5/5/2020,Mizoram,0,0,1
1629,5/5/2020,Odisha,60,1,170
1630,5/5/2020,Puducherry,6,0,9
1631,5/5/2020,Punjab,128,23,1233
1632,5/5/2020,Rajasthan,1394,77,3061
1633,5/5/2020,Tamil Nadu,1409,31,3550
1634,5/5/2020,Telangana,585,29,1085
1635,5/5/2020,Tripura,2,0,29
1636,5/5/2020,Uttarakhand,39,1,60
1637,5/5/2020,Uttar Pradesh,944,53,2859
1638,5/5/2020,West Bengal,218,133,1259
1639,6/5/2020,Andaman and Nicobar Islands,32,0,33
1640,6/5/2020,Andhra Pradesh,589,36,1717
1641,6/5/2020,Arunachal Pradesh,1,0,1
1642,6/5/2020,Assam,32,1,43
1643,6/5/2020,Bihar,142,4,536
1644,6/5/2020,Chandigarh,21,1,111
1645,6/5/2020,Chhattisgarh,36,0,59
1646,6/5/2020,Dadra and Nagar Haveli,0,0,1
1647,6/5/2020,Delhi,1468,64,5104
1648,6/5/2020,Goa,7,0,7
1649,6/5/2020,Gujarat,1381,368,6245
1650,6/5/2020,Haryana,256,6,548
1651,6/5/2020,Himachal Pradesh,38,2,42
1652,6/5/2020,Jammu and Kashmir,320,8,741
1653,6/5/2020,Jharkhand,33,3,125
1654,6/5/2020,Karnataka,331,29,671
1655,6/5/2020,Kerala,462,4,502
1656,6/5/2020,Ladakh,17,0,41
1657,6/5/2020,Madhya Pradesh,1000,176,3049
1658,6/5/2020,Maharashtra,2819,617,15525
1659,6/5/2020,Manipur,2,0,2
1660,6/5/2020,Meghalaya,10,1,12
1661,6/5/2020,Mizoram,0,0,1
1662,6/5/2020,Odisha,60,1,175
1663,6/5/2020,Puducherry,6,0,9
1664,6/5/2020,Punjab,133,25,1451
1665,6/5/2020,Rajasthan,1525,89,3158
1666,6/5/2020,Tamil Nadu,1485,33,4058
1667,6/5/2020,Telangana,585,29,1096
1668,6/5/2020,Tripura,2,0,43
1669,6/5/2020,Uttarakhand,39,1,61
1670,6/5/2020,Uttar Pradesh,987,56,2880
1671,6/5/2020,West Bengal,364,140,1344
1672,7/5/2020,Andaman and Nicobar Islands,32,0,33
1673,7/5/2020,Andhra Pradesh,729,36,1777
1674,7/5/2020,Arunachal Pradesh,1,0,1
1675,7/5/2020,Assam,32,1,45
1676,7/5/2020,Bihar,188,4,542
1677,7/5/2020,Chandigarh,21,1,120
1678,7/5/2020,Chhattisgarh,36,0,59
1679,7/5/2020,Dadra and Nagar Haveli,0,0,1
1680,7/5/2020,Delhi,1542,65,5532
1681,7/5/2020,Goa,7,0,7
1682,7/5/2020,Gujarat,1500,396,6625
1683,7/5/2020,Haryana,260,7,594
1684,7/5/2020,Himachal Pradesh,38,2,45
1685,7/5/2020,Jammu and Kashmir,322,8,775
1686,7/5/2020,Jharkhand,37,3,127
1687,7/5/2020,Karnataka,354,29,693
1688,7/5/2020,Kerala,469,4,503
1689,7/5/2020,Ladakh,17,0,41
1690,7/5/2020,Madhya Pradesh,1099,185,3138
1691,7/5/2020,Maharashtra,3094,651,16758
1692,7/5/2020,Manipur,2,0,2
1693,7/5/2020,Meghalaya,10,1,12
1694,7/5/2020,Mizoram,0,0,1
1695,7/5/2020,Odisha,61,2,185
1696,7/5/2020,Puducherry,6,0,9
1697,7/5/2020,Punjab,135,27,1516
1698,7/5/2020,Rajasthan,1596,92,3317
1699,7/5/2020,Tamil Nadu,1516,35,4829
1700,7/5/2020,Telangana,628,29,1107
1701,7/5/2020,Tripura,2,0,43
1702,7/5/2020,Uttarakhand,39,1,61
1703,7/5/2020,Uttar Pradesh,1130,60,2998
1704,7/5/2020,West Bengal,364,144,1456
1705,8/5/2020,Andaman and Nicobar Islands,33,0,33
1706,8/5/2020,Andhra Pradesh,780,38,1847
1707,8/5/2020,Arunachal Pradesh,1,0,1
1708,8/5/2020,Assam,34,1,54
1709,8/5/2020,Bihar,246,5,550
1710,8/5/2020,Chandigarh,21,1,135
1711,8/5/2020,Chhattisgarh,38,0,59
1712,8/5/2020,Dadra and Nagar Haveli,0,0,1
1713,8/5/2020,Delhi,1931,66,5980
1714,8/5/2020,Goa,7,0,7
1715,8/5/2020,Gujarat,1709,425,7012
1716,8/5/2020,Haryana,260,7,625
1717,8/5/2020,Himachal Pradesh,38,2,46
1718,8/5/2020,Jammu and Kashmir,335,9,793
1719,8/5/2020,Jharkhand,41,3,132
1720,8/5/2020,Karnataka,366,30,705
1721,8/5/2020,Kerala,474,4,503
1722,8/5/2020,Ladakh,17,0,42
1723,8/5/2020,Madhya Pradesh,1231,193,3252
1724,8/5/2020,Maharashtra,3301,694,17974
1725,8/5/2020,Manipur,2,0,2
1726,8/5/2020,Meghalaya,10,1,12
1727,8/5/2020,Mizoram,0,0,1
1728,8/5/2020,Odisha,62,2,219
1729,8/5/2020,Puducherry,6,0,9
1730,8/5/2020,Punjab,149,28,1644
1731,8/5/2020,Rajasthan,1596,97,3427
1732,8/5/2020,Tamil Nadu,1547,37,5409
1733,8/5/2020,Telangana,650,29,1123
1734,8/5/2020,Tripura,2,0,65
1735,8/5/2020,Uttarakhand,39,1,61
1736,8/5/2020,Uttar Pradesh,1250,62,3071
1737,8/5/2020,West Bengal,364,151,1548
1738,9/5/2020,Andaman and Nicobar Islands,33,0,33
1739,9/5/2020,Andhra Pradesh,842,41,1887
1740,9/5/2020,Arunachal Pradesh,1,0,1
1741,9/5/2020,Assam,34,1,59
1742,9/5/2020,Bihar,297,5,571
1743,9/5/2020,Chandigarh,21,1,150
1744,9/5/2020,Chhattisgarh,38,0,59
1745,9/5/2020,Dadra and Nagar Haveli,0,0,1
1746,9/5/2020,Delhi,2020,68,6318
1747,9/5/2020,Goa,7,0,7
1748,9/5/2020,Gujarat,1872,449,7402
1749,9/5/2020,Haryana,279,8,647
1750,9/5/2020,Himachal Pradesh,38,2,50
1751,9/5/2020,Jammu and Kashmir,364,9,823
1752,9/5/2020,Jharkhand,52,3,132
1753,9/5/2020,Karnataka,376,30,753
1754,9/5/2020,Kerala,484,4,503
1755,9/5/2020,Ladakh,17,0,42
1756,9/5/2020,Madhya Pradesh,1349,200,3341
1757,9/5/2020,Maharashtra,3470,731,19063
1758,9/5/2020,Manipur,2,0,2
1759,9/5/2020,Meghalaya,10,1,12
1760,9/5/2020,Mizoram,0,0,1
1761,9/5/2020,Odisha,63,2,271
1762,9/5/2020,Puducherry,6,0,9
1763,9/5/2020,Punjab,152,29,1731
1764,9/5/2020,Rajasthan,1916,101,3579
1765,9/5/2020,Tamil Nadu,1605,40,6009
1766,9/5/2020,Telangana,700,29,1133
1767,9/5/2020,Tripura,2,0,118
1768,9/5/2020,Uttarakhand,46,1,63
1769,9/5/2020,Uttar Pradesh,1387,66,3214
1770,9/5/2020,West Bengal,364,160,1678
1771,10/5/2020,Andaman and Nicobar Islands,33,0,33
1772,10/5/2020,Andhra Pradesh,887,44,1930
1773,10/5/2020,Arunachal Pradesh,1,0,1
1774,10/5/2020,Assam,34,2,63
1775,10/5/2020,Bihar,322,5,591
1776,10/5/2020,Chandigarh,24,2,169
1777,10/5/2020,Chhattisgarh,43,0,59
1778,10/5/2020,Dadra and Nagar Haveli,0,0,1
1779,10/5/2020,Delhi,2020,73,6542
1780,10/5/2020,Goa,7,0,7
1781,10/5/2020,Gujarat,2091,472,7796
1782,10/5/2020,Haryana,290,9,675
1783,10/5/2020,Himachal Pradesh,38,2,50
1784,10/5/2020,Jammu and Kashmir,368,9,836
1785,10/5/2020,Jharkhand,78,3,156
1786,10/5/2020,Karnataka,386,30,794
1787,10/5/2020,Kerala,485,4,505
1788,10/5/2020,Ladakh,17,0,42
1789,10/5/2020,Madhya Pradesh,1676,215,3614
1790,10/5/2020,Maharashtra,3800,779,20228
1791,10/5/2020,Manipur,2,0,2
1792,10/5/2020,Meghalaya,10,1,13
1793,10/5/2020,Mizoram,1,0,1
1794,10/5/2020,Odisha,63,2,294
1795,10/5/2020,Puducherry,6,0,9
1796,10/5/2020,Punjab,157,31,1762
1797,10/5/2020,Rajasthan,2026,106,3708
1798,10/5/2020,Tamil Nadu,1824,44,6535
1799,10/5/2020,Telangana,750,30,1163
1800,10/5/2020,Tripura,2,0,134
1801,10/5/2020,Uttarakhand,46,1,67
1802,10/5/2020,Uttar Pradesh,1499,74,3373
1803,10/5/2020,West Bengal,372,171,1786
1804,11/5/2020,Andaman and Nicobar Islands,33,0,33
1805,11/5/2020,Andhra Pradesh,925,45,1980
1806,11/5/2020,Arunachal Pradesh,1,0,1
1807,11/5/2020,Assam,34,2,63
1808,11/5/2020,Bihar,365,6,696
1809,11/5/2020,Chandigarh,24,2,169
1810,11/5/2020,Chhattisgarh,49,0,59
1811,11/5/2020,Dadra and Nagar Haveli,0,0,1
1812,11/5/2020,Delhi,2069,73,6923
1813,11/5/2020,Goa,7,0,7
1814,11/5/2020,Gujarat,2545,493,8194
1815,11/5/2020,Haryana,300,10,703
1816,11/5/2020,Himachal Pradesh,39,2,55
1817,11/5/2020,Jammu and Kashmir,383,9,861
1818,11/5/2020,Jharkhand,78,3,157
1819,11/5/2020,Karnataka,424,31,848
1820,11/5/2020,Kerala,489,4,512
1821,11/5/2020,Ladakh,21,0,42
1822,11/5/2020,Madhya Pradesh,1676,215,3614
1823,11/5/2020,Maharashtra,4199,832,22171
1824,11/5/2020,Manipur,2,0,2
1825,11/5/2020,Meghalaya,10,1,13
1826,11/5/2020,Mizoram,1,0,1
1827,11/5/2020,Odisha,68,3,377
1828,11/5/2020,Puducherry,6,0,9
1829,11/5/2020,Punjab,166,31,1823
1830,11/5/2020,Rajasthan,2176,107,3814
1831,11/5/2020,Tamil Nadu,1959,47,7204
1832,11/5/2020,Telangana,750,30,1196
1833,11/5/2020,Tripura,2,0,150
1834,11/5/2020,Uttarakhand,46,1,68
1835,11/5/2020,Uttar Pradesh,1653,74,3467
1836,11/5/2020,West Bengal,417,185,1939
1837,12/5/2020,Andaman and Nicobar Islands,33,0,33
1838,12/5/2020,Andhra Pradesh,975,45,2018
1839,12/5/2020,Arunachal Pradesh,1,0,1
1840,12/5/2020,Assam,34,2,65
1841,12/5/2020,Bihar,377,6,747
1842,12/5/2020,Chandigarh,24,2,174
1843,12/5/2020,Chhattisgarh,53,0,59
1844,12/5/2020,Dadra and Nagar Haveli,0,0,1
1845,12/5/2020,Delhi,2129,73,7233
1846,12/5/2020,Goa,7,0,7
1847,12/5/2020,Gujarat,2780,513,8541
1848,12/5/2020,Haryana,337,11,730
1849,12/5/2020,Himachal Pradesh,39,2,59
1850,12/5/2020,Jammu and Kashmir,427,10,879
1851,12/5/2020,Jharkhand,78,3,160
1852,12/5/2020,Karnataka,426,31,862
1853,12/5/2020,Kerala,489,4,519
1854,12/5/2020,Ladakh,21,0,42
1855,12/5/2020,Madhya Pradesh,1747,221,3785
1856,12/5/2020,Maharashtra,4786,868,23401
1857,12/5/2020,Manipur,2,0,2
1858,12/5/2020,Meghalaya,10,1,13
1859,12/5/2020,Mizoram,1,0,1
1860,12/5/2020,Odisha,85,3,414
1861,12/5/2020,Puducherry,6,0,12
1862,12/5/2020,Punjab,168,31,1877
1863,12/5/2020,Rajasthan,2264,113,3988
1864,12/5/2020,Tamil Nadu,2051,53,8002
1865,12/5/2020,Telangana,800,30,1275
1866,12/5/2020,Tripura,2,0,152
1867,12/5/2020,Uttarakhand,46,1,68
1868,12/5/2020,Uttar Pradesh,1758,80,3573
1869,12/5/2020,West Bengal,499,190,2063
1870,13/05/20,Andaman and Nicobar Islands,33,0,33
1871,13/05/20,Andhra Pradesh,1056,46,2090
1872,13/05/20,Arunachal Pradesh,1,0,1
1873,13/05/20,Assam,39,2,65
1874,13/05/20,Bihar,383,6,831
1875,13/05/20,Chandigarh,28,3,187
1876,13/05/20,Chhattisgarh,54,0,59
1877,13/05/20,Dadra and Nagar Haveli,0,0,1
1878,13/05/20,Delhi,2512,86,7639
1879,13/05/20,Goa,7,0,7
1880,13/05/20,Gujarat,3246,537,8903
1881,13/05/20,Haryana,342,11,780
1882,13/05/20,Himachal Pradesh,39,2,65
1883,13/05/20,Jammu and Kashmir,455,10,934
1884,13/05/20,Jharkhand,79,3,172
1885,13/05/20,Karnataka,433,31,925
1886,13/05/20,Kerala,489,4,524
1887,13/05/20,Ladakh,21,0,42
1888,13/05/20,Madhya Pradesh,1860,225,3986
1889,13/05/20,Maharashtra,5125,921,24427
1890,13/05/20,Manipur,2,0,2
1891,13/05/20,Meghalaya,10,1,13
1892,13/05/20,Mizoram,1,0,1
1893,13/05/20,Odisha,116,3,437
1894,13/05/20,Puducherry,9,1,13
1895,13/05/20,Punjab,171,32,1914
1896,13/05/20,Rajasthan,2378,117,4126
1897,13/05/20,Tamil Nadu,2134,61,8718
1898,13/05/20,Telangana,830,32,1326
1899,13/05/20,Tripura,2,0,154
1900,13/05/20,Uttarakhand,46,1,69
1901,13/05/20,Uttar Pradesh,1873,82,3664
1902,13/05/20,West Bengal,612,198,2173
1903,14/05/20,Andaman and Nicobar Islands,33,0,33
1904,14/05/20,Andhra Pradesh,1142,47,2137
1905,14/05/20,Arunachal Pradesh,1,0,1
1906,14/05/20,Assam,39,2,80
1907,14/05/20,Bihar,388,7,940
1908,14/05/20,Chandigarh,28,3,187
1909,14/05/20,Chhattisgarh,55,0,59
1910,14/05/20,Dadra and Nagar Haveli,0,0,1
1911,14/05/20,Delhi,2858,106,7998
1912,14/05/20,Goa,7,0,7
1913,14/05/20,Gujarat,3562,566,9267
1914,14/05/20,Haryana,418,11,793
1915,14/05/20,Himachal Pradesh,39,2,66
1916,14/05/20,Jammu and Kashmir,466,11,971
1917,14/05/20,Jharkhand,79,3,173
1918,14/05/20,Karnataka,451,33,959
1919,14/05/20,Kerala,490,4,534
1920,14/05/20,Ladakh,22,0,43
1921,14/05/20,Madhya Pradesh,2004,232,4173
1922,14/05/20,Maharashtra,5547,975,25922
1923,14/05/20,Manipur,2,0,2
1924,14/05/20,Meghalaya,10,1,13
1925,14/05/20,Mizoram,1,0,1
1926,14/05/20,Odisha,143,3,538
1927,14/05/20,Puducherry,9,1,13
1928,14/05/20,Punjab,200,32,1924
1929,14/05/20,Rajasthan,2459,121,4328
1930,14/05/20,Tamil Nadu,2176,64,9227
1931,14/05/20,Telangana,940,34,1367
1932,14/05/20,Tripura,16,0,155
1933,14/05/20,Uttarakhand,46,1,72
1934,14/05/20,Uttar Pradesh,1902,83,3729
1935,14/05/20,West Bengal,702,207,2290
1936,15/05/20,Andaman and Nicobar Islands,33,0,33
1937,15/05/20,Andhra Pradesh,1192,48,2205
1938,15/05/20,Arunachal Pradesh,1,0,1
1939,15/05/20,Assam,39,2,87
1940,15/05/20,Bihar,411,7,994
1941,15/05/20,Chandigarh,37,3,191
1942,15/05/20,Chhattisgarh,56,0,60
1943,15/05/20,Dadra and Nagar Haveli,0,0,1
1944,15/05/20,Delhi,3045,115,8470
1945,15/05/20,Goa,7,0,14
1946,15/05/20,Gujarat,3753,586,9591
1947,15/05/20,Haryana,439,11,818
1948,15/05/20,Himachal Pradesh,39,2,74
1949,15/05/20,Jammu and Kashmir,485,11,983
1950,15/05/20,Jharkhand,87,3,197
1951,15/05/20,Karnataka,460,35,987
1952,15/05/20,Kerala,491,4,560
1953,15/05/20,Ladakh,22,0,43
1954,15/05/20,Madhya Pradesh,2171,237,4426
1955,15/05/20,Maharashtra,6059,1019,27524
1956,15/05/20,Manipur,2,0,3
1957,15/05/20,Meghalaya,11,1,13
1958,15/05/20,Mizoram,1,0,1
1959,15/05/20,Odisha,158,3,611
1960,15/05/20,Puducherry,9,1,13
1961,15/05/20,Punjab,223,32,1935
1962,15/05/20,Rajasthan,2580,125,4534
1963,15/05/20,Tamil Nadu,2240,66,9674
1964,15/05/20,Telangana,950,34,1414
1965,15/05/20,Tripura,29,0,156
1966,15/05/20,Uttarakhand,50,1,78
1967,15/05/20,Uttar Pradesh,2072,88,3902
1968,15/05/20,West Bengal,768,215,2377
1969,16/05/20,Andaman and Nicobar Islands,33,0,33
1970,16/05/20,Andhra Pradesh,1252,48,2307
1971,16/05/20,Arunachal Pradesh,1,0,1
1972,16/05/20,Assam,41,2,90
1973,16/05/20,Bihar,438,7,1018
1974,16/05/20,Chandigarh,37,3,191
1975,16/05/20,Chhattisgarh,56,0,66
1976,16/05/20,Dadra and Nagar Haveli,0,0,1
1977,16/05/20,Delhi,3518,123,8895
1978,16/05/20,Goa,7,0,15
1979,16/05/20,Gujarat,4035,606,9931
1980,16/05/20,Haryana,439,11,818
1981,16/05/20,Himachal Pradesh,39,3,76
1982,16/05/20,Jammu and Kashmir,513,11,1013
1983,16/05/20,Jharkhand,87,3,203
1984,16/05/20,Karnataka,480,36,1056
1985,16/05/20,Kerala,492,4,576
1986,16/05/20,Ladakh,22,0,43
1987,16/05/20,Madhya Pradesh,2283,239,4595
1988,16/05/20,Maharashtra,6564,1068,29100
1989,16/05/20,Manipur,2,0,3
1990,16/05/20,Meghalaya,11,1,13
1991,16/05/20,Mizoram,1,0,1
1992,16/05/20,Odisha,166,3,672
1993,16/05/20,Puducherry,9,1,13
1994,16/05/20,Punjab,305,32,1935
1995,16/05/20,Rajasthan,2677,125,4727
1996,16/05/20,Tamil Nadu,2599,71,10108
1997,16/05/20,Telangana,959,34,1454
1998,16/05/20,Tripura,42,0,156
1999,16/05/20,Uttarakhand,51,1,82
2000,16/05/20,Uttar Pradesh,2165,95,4057
2001,16/05/20,West Bengal,829,225,2461
2002,17/05/20,Andaman and Nicobar Islands,33,0,33
2003,17/05/20,Andhra Pradesh,1353,49,2355
2004,17/05/20,Arunachal Pradesh,1,0,1
2005,17/05/20,Assam,41,2,92
2006,17/05/20,Bihar,453,7,1179
2007,17/05/20,Chandigarh,51,3,191
2008,17/05/20,Chhattisgarh,56,0,67
2009,17/05/20,Dadra and Nagar Haveli,0,0,1
2010,17/05/20,Delhi,3926,129,9333
2011,17/05/20,Goa,7,0,17
2012,17/05/20,Gujarat,4308,625,10988
2013,17/05/20,Haryana,514,13,887
2014,17/05/20,Himachal Pradesh,43,3,78
2015,17/05/20,Jammu and Kashmir,542,12,1121
2016,17/05/20,Jharkhand,113,3,217
2017,17/05/20,Karnataka,496,36,1092
2018,17/05/20,Kerala,495,4,587
2019,17/05/20,Ladakh,22,0,43
2020,17/05/20,Madhya Pradesh,2315,243,4789
2021,17/05/20,Maharashtra,7088,1135,30706
2022,17/05/20,Manipur,2,0,7
2023,17/05/20,Meghalaya,11,1,13
2024,17/05/20,Mizoram,1,0,1
2025,17/05/20,Odisha,196,3,737
2026,17/05/20,Puducherry,9,1,13
2027,17/05/20,Punjab,1257,32,1946
2028,17/05/20,Rajasthan,2839,126,4960
2029,17/05/20,Tamil Nadu,3538,74,10585
2030,17/05/20,Telangana,971,34,1509
2031,17/05/20,Tripura,64,0,167
2032,17/05/20,Uttarakhand,51,1,88
2033,17/05/20,Uttar Pradesh,2441,104,4258
2034,17/05/20,West Bengal,872,232,2576
2035,18/05/20,Andaman and Nicobar Islands,33,0,33
2036,18/05/20,Andhra Pradesh,1456,50,2407
2037,18/05/20,Arunachal Pradesh,1,0,1
2038,18/05/20,Assam,41,2,101
2039,18/05/20,Bihar,475,8,1262
2040,18/05/20,Chandigarh,51,3,191
2041,18/05/20,Chhattisgarh,59,0,86
2042,18/05/20,Dadra and Nagar Haveli,0,0,1
2043,18/05/20,Delhi,4485,160,10054
2044,18/05/20,Goa,7,0,29
2045,18/05/20,Gujarat,4499,659,11379
2046,18/05/20,Haryana,562,14,910
2047,18/05/20,Himachal Pradesh,44,3,80
2048,18/05/20,Jammu and Kashmir,575,13,1183
2049,18/05/20,Jharkhand,113,3,223
2050,18/05/20,Karnataka,509,37,1147
2051,18/05/20,Kerala,497,4,601
2052,18/05/20,Ladakh,24,0,43
2053,18/05/20,Madhya Pradesh,2403,248,4977
2054,18/05/20,Maharashtra,7688,1198,33053
2055,18/05/20,Manipur,2,0,7
2056,18/05/20,Meghalaya,11,1,13
2057,18/05/20,Mizoram,1,0,1
2058,18/05/20,Odisha,220,4,828
2059,18/05/20,Puducherry,9,1,13
2060,18/05/20,Punjab,1366,35,1964
2061,18/05/20,Rajasthan,2992,131,5202
2062,18/05/20,Tamil Nadu,4172,78,11224
2063,18/05/20,Telangana,992,34,1551
2064,18/05/20,Tripura,85,0,167
2065,18/05/20,Uttarakhand,52,1,92
2066,18/05/20,Uttar Pradesh,2441,104,4259
2067,18/05/20,West Bengal,959,238,2677
2068,19/05/20,Andaman and Nicobar Islands,33,0,33
2069,19/05/20,Andhra Pradesh,1552,50,2474
2070,19/05/20,Arunachal Pradesh,1,0,1
2071,19/05/20,Assam,41,2,107
2072,19/05/20,Bihar,494,9,1391
2073,19/05/20,Chandigarh,54,3,196
2074,19/05/20,Chhattisgarh,59,0,93
2075,19/05/20,Dadra and Nagar Haveli,0,0,1
2076,19/05/20,Delhi,4485,168,10054
2077,19/05/20,Goa,7,0,38
2078,19/05/20,Gujarat,4804,694,11745
2079,19/05/20,Haryana,598,14,928
2080,19/05/20,Himachal Pradesh,44,3,90
2081,19/05/20,Jammu and Kashmir,609,15,1289
2082,19/05/20,Jharkhand,113,3,223
2083,19/05/20,Karnataka,530,37,1246
2084,19/05/20,Kerala,497,4,630
2085,19/05/20,Ladakh,41,0,43
2086,19/05/20,Madhya Pradesh,2435,252,5236
2087,19/05/20,Maharashtra,8437,1249,35058
2088,19/05/20,Manipur,2,0,7
2089,19/05/20,Meghalaya,11,1,13
2090,19/05/20,Mizoram,1,0,1
2091,19/05/20,Odisha,220,4,876
2092,19/05/20,Puducherry,9,1,18
2093,19/05/20,Punjab,1547,37,1980
2094,19/05/20,Rajasthan,3218,138,5507
2095,19/05/20,Tamil Nadu,4406,81,11760
2096,19/05/20,Telangana,1000,35,1597
2097,19/05/20,Tripura,85,0,167
2098,19/05/20,Uttarakhand,52,1,93
2099,19/05/20,Uttar Pradesh,2783,118,4605
2100,19/05/20,West Bengal,1006,244,2825
2101,20/05/20,Andaman and Nicobar Islands,33,0,33
2102,20/05/20,Andhra Pradesh,1621,52,2532
2103,20/05/20,Arunachal Pradesh,1,0,1
2104,20/05/20,Assam,41,4,142
2105,20/05/20,Bihar,534,9,1498
2106,20/05/20,Chandigarh,57,3,200
2107,20/05/20,Chhattisgarh,59,0,101
2108,20/05/20,Dadra and Nagar Haveli,0,0,1
2109,20/05/20,Delhi,4750,168,10554
2110,20/05/20,Goa,7,0,46
2111,20/05/20,Gujarat,5043,719,12140
2112,20/05/20,Haryana,627,14,964
2113,20/05/20,Himachal Pradesh,47,3,92
2114,20/05/20,Jammu and Kashmir,653,17,1317
2115,20/05/20,Jharkhand,127,3,231
2116,20/05/20,Karnataka,544,40,1397
2117,20/05/20,Kerala,497,4,642
2118,20/05/20,Ladakh,43,0,43
2119,20/05/20,Madhya Pradesh,2630,258,5465
2120,20/05/20,Maharashtra,9639,1325,37136
2121,20/05/20,Manipur,2,0,9
2122,20/05/20,Meghalaya,12,1,13
2123,20/05/20,Mizoram,1,0,1
2124,20/05/20,Odisha,277,5,978
2125,20/05/20,Puducherry,9,1,18
2126,20/05/20,Punjab,1642,38,2002
2127,20/05/20,Rajasthan,3337,143,5845
2128,20/05/20,Tamil Nadu,4895,84,12448
2129,20/05/20,Telangana,1010,38,1634
2130,20/05/20,Tripura,116,0,173
2131,20/05/20,Uttarakhand,52,1,111
2132,20/05/20,Uttar Pradesh,2918,123,4926
2133,20/05/20,West Bengal,1074,250,2961
2134,20/05/20,Cases being reassigned to states,0,0,1096
2135,21/05/20,Andaman and Nicobar Islands,33,0,33
2136,21/05/20,Andhra Pradesh,1640,53,2602
2137,21/05/20,Arunachal Pradesh,1,0,1
2138,21/05/20,Assam,48,4,170
2139,21/05/20,Bihar,571,10,1674
2140,21/05/20,Chandigarh,57,3,202
2141,21/05/20,Chhattisgarh,59,0,115
2142,21/05/20,Dadra and Nagar Haveli,0,0,1
2143,21/05/20,Delhi,5192,176,11088
2144,21/05/20,Goa,7,0,50
2145,21/05/20,Gujarat,5219,749,12537
2146,21/05/20,Haryana,648,14,993
2147,21/05/20,Himachal Pradesh,54,3,110
2148,21/05/20,Jammu and Kashmir,678,18,1390
2149,21/05/20,Jharkhand,127,3,231
2150,21/05/20,Karnataka,556,41,1462
2151,21/05/20,Kerala,502,4,666
2152,21/05/20,Ladakh,43,0,44
2153,21/05/20,Madhya Pradesh,2733,267,5735
2154,21/05/20,Maharashtra,10318,1390,39297
2155,21/05/20,Manipur,2,0,25
2156,21/05/20,Meghalaya,12,1,14
2157,21/05/20,Mizoram,1,0,1
2158,21/05/20,Odisha,307,6,1052
2159,21/05/20,Puducherry,9,0,18
2160,21/05/20,Punjab,1794,38,2005
2161,21/05/20,Rajasthan,3404,147,6015
2162,21/05/20,Tamil Nadu,5882,87,13191
2163,21/05/20,Telangana,1015,40,1661
2164,21/05/20,Tripura,133,0,173
2165,21/05/20,Uttarakhand,53,1,122
2166,21/05/20,Uttar Pradesh,3066,127,5175
2167,21/05/20,West Bengal,1136,253,3103
2168,21/05/20,Cases being reassigned to states,0,0,1403
2169,22/05/20,Andaman and Nicobar Islands,33,0,33
2170,22/05/20,Andhra Pradesh,1709,53,2647
2171,22/05/20,Arunachal Pradesh,1,0,1
2172,22/05/20,Assam,54,4,203
2173,22/05/20,Bihar,593,11,1982
2174,22/05/20,Chandigarh,139,3,217
2175,22/05/20,Chhattisgarh,59,0,128
2176,22/05/20,Dadra and Nagar Haveli,0,0,1
2177,22/05/20,Delhi,5567,194,11659
2178,22/05/20,Goa,7,0,52
2179,22/05/20,Gujarat,5488,773,12905
2180,22/05/20,Haryana,681,15,1031
2181,22/05/20,Himachal Pradesh,59,3,152
2182,22/05/20,Jammu and Kashmir,684,20,1449
2183,22/05/20,Jharkhand,129,3,290
2184,22/05/20,Karnataka,571,41,1605
2185,22/05/20,Kerala,510,4,690
2186,22/05/20,Ladakh,43,0,44
2187,22/05/20,Madhya Pradesh,2843,270,5981
2188,22/05/20,Maharashtra,11726,1454,41642
2189,22/05/20,Manipur,2,0,25
2190,22/05/20,Meghalaya,12,1,14
2191,22/05/20,Mizoram,1,0,1
2192,22/05/20,Odisha,393,7,1103
2193,22/05/20,Puducherry,10,0,20
2194,22/05/20,Punjab,1819,39,2028
2195,22/05/20,Rajasthan,3485,151,6227
2196,22/05/20,Tamil Nadu,6282,94,13967
2197,22/05/20,Telangana,1035,45,1699
2198,22/05/20,Tripura,148,0,173
2199,22/05/20,Uttarakhand,54,1,146
2200,22/05/20,Uttar Pradesh,3204,138,5515
2201,22/05/20,West Bengal,1193,259,3197
2202,22/05/20,Cases being reassigned to states,0,0,1620
2203,23/05/20,Andaman and Nicobar Islands,33,0,33
2204,23/05/20,Andhra Pradesh,1763,55,2709
2205,23/05/20,Arunachal Pradesh,1,0,1
2206,23/05/20,Assam,54,4,259
2207,23/05/20,Bihar,629,11,2177
2208,23/05/20,Chandigarh,178,3,218
2209,23/05/20,Chhattisgarh,62,0,172
2210,23/05/20,Dadra and Nagar Haveli,0,0,1
2211,23/05/20,Delhi,5897,208,12319
2212,23/05/20,Goa,16,0,54
2213,23/05/20,Gujarat,5880,802,13268
2214,23/05/20,Haryana,706,16,1067
2215,23/05/20,Himachal Pradesh,59,3,168
2216,23/05/20,Jammu and Kashmir,720,20,1489
2217,23/05/20,Jharkhand,136,3,308
2218,23/05/20,Karnataka,597,41,1743
2219,23/05/20,Kerala,512,4,732
2220,23/05/20,Ladakh,43,0,44
2221,23/05/20,Madhya Pradesh,3089,272,6170
2222,23/05/20,Maharashtra,12583,1517,44582
2223,23/05/20,Manipur,2,0,26
2224,23/05/20,Meghalaya,12,1,14
2225,23/05/20,Mizoram,1,0,1
2226,23/05/20,Odisha,436,7,1189
2227,23/05/20,Puducherry,10,0,26
2228,23/05/20,Punjab,1847,39,2029
2229,23/05/20,Rajasthan,3680,153,6494
2230,23/05/20,Tamil Nadu,7128,98,14753
2231,23/05/20,Telangana,1043,45,1761
2232,23/05/20,Tripura,152,0,175
2233,23/05/20,Uttarakhand,56,1,153
2234,23/05/20,Uttar Pradesh,3238,152,5735
2235,23/05/20,West Bengal,1221,265,3332
2236,23/05/20,Cases being reassigned to states,0,0,1899
2237,24/05/20,Andaman and Nicobar Islands,33,0,33
2238,24/05/20,Andhra Pradesh,1809,56,2757
2239,24/05/20,Arunachal Pradesh,1,0,1
2240,24/05/20,Assam,55,4,329
2241,24/05/20,Bihar,653,11,2380
2242,24/05/20,Chandigarh,179,3,225
2243,24/05/20,Chhattisgarh,64,0,214
2244,24/05/20,Dadra and Nagar Haveli,0,0,2
2245,24/05/20,Delhi,6267,231,12910
2246,24/05/20,Goa,16,0,55
2247,24/05/20,Gujarat,6169,829,13664
2248,24/05/20,Haryana,750,16,1131
2249,24/05/20,Himachal Pradesh,61,3,185
2250,24/05/20,Jammu and Kashmir,774,21,1569
2251,24/05/20,Jharkhand,141,4,350
2252,24/05/20,Karnataka,608,42,1959
2253,24/05/20,Kerala,515,4,795
2254,24/05/20,Ladakh,43,0,49
2255,24/05/20,Madhya Pradesh,3267,281,6371
2256,24/05/20,Maharashtra,13404,1577,47190
2257,24/05/20,Manipur,4,0,29
2258,24/05/20,Meghalaya,12,1,14
2259,24/05/20,Mizoram,1,0,1
2260,24/05/20,Odisha,497,7,1269
2261,24/05/20,Puducherry,10,0,26
2262,24/05/20,Punjab,1870,39,2045
2263,24/05/20,Rajasthan,3786,160,6742
2264,24/05/20,Sikkim,0,0,1
2265,24/05/20,Tamil Nadu,7491,103,15512
2266,24/05/20,Telangana,1065,49,1813
2267,24/05/20,Tripura,153,0,189
2268,24/05/20,Uttarakhand,56,2,244
2269,24/05/20,Uttar Pradesh,3406,155,6017
2270,24/05/20,West Bengal,1281,269,3459
2271,24/05/20,Cases being reassigned to states,0,0,2338
2272,25/05/20,Andaman and Nicobar Islands,33,0,33
2273,25/05/20,Andhra Pradesh,1856,56,2823
2274,25/05/20,Arunachal Pradesh,1,0,1
2275,25/05/20,Assam,55,4,378
2276,25/05/20,Bihar,702,13,2587
2277,25/05/20,Chandigarh,186,3,238
2278,25/05/20,Chhattisgarh,67,0,252
2279,25/05/20,Dadra and Nagar Haveli,0,0,2
2280,25/05/20,Delhi,6540,261,13418
2281,25/05/20,Goa,19,0,66
2282,25/05/20,Gujarat,6412,858,14056
2283,25/05/20,Haryana,765,16,1184
2284,25/05/20,Himachal Pradesh,63,3,203
2285,25/05/20,Jammu and Kashmir,809,21,1621
2286,25/05/20,Jharkhand,148,4,370
2287,25/05/20,Karnataka,654,42,2089
2288,25/05/20,Kerala,521,4,847
2289,25/05/20,Ladakh,43,0,52
2290,25/05/20,Madhya Pradesh,3408,290,6665
2291,25/05/20,Maharashtra,14600,1635,50231
2292,25/05/20,Manipur,4,0,32
2293,25/05/20,Meghalaya,12,1,14
2294,25/05/20,Mizoram,1,0,1
2295,25/05/20,Odisha,550,7,1336
2296,25/05/20,Puducherry,12,0,41
2297,25/05/20,Punjab,1898,40,2060
2298,25/05/20,Rajasthan,3848,163,7028
2299,25/05/20,Sikkim,0,0,1
2300,25/05/20,Tamil Nadu,8324,111,16277
2301,25/05/20,Telangana,1090,53,1854
2302,25/05/20,Tripura,165,0,191
2303,25/05/20,Uttarakhand,58,3,317
2304,25/05/20,Uttar Pradesh,3538,161,6268
2305,25/05/20,West Bengal,1339,272,3667
2306,25/05/20,Cases being reassigned to states,0,0,2642
2307,26/05/20,Andaman and Nicobar Islands,33,0,33
2308,26/05/20,Andhra Pradesh,1896,56,3110
2309,26/05/20,Arunachal Pradesh,1,0,2
2310,26/05/20,Assam,62,4,526
2311,26/05/20,Bihar,749,13,2730
2312,26/05/20,Chandigarh,186,3,238
2313,26/05/20,Chhattisgarh,72,0,291
2314,26/05/20,Dadra and Nagar Haveli,0,0,2
2315,26/05/20,Delhi,6771,276,14053
2316,26/05/20,Goa,19,0,67
2317,26/05/20,Gujarat,6636,888,14460
2318,26/05/20,Haryana,765,16,1184
2319,26/05/20,Himachal Pradesh,67,5,223
2320,26/05/20,Jammu and Kashmir,809,23,1668
2321,26/05/20,Jharkhand,148,4,377
2322,26/05/20,Karnataka,705,44,2182
2323,26/05/20,Kerala,532,5,896
2324,26/05/20,Ladakh,43,0,52
2325,26/05/20,Madhya Pradesh,3571,300,6859
2326,26/05/20,Maharashtra,15786,1695,52667
2327,26/05/20,Manipur,4,0,39
2328,26/05/20,Meghalaya,12,1,14
2329,26/05/20,Mizoram,1,0,1
2330,26/05/20,Nagaland,0,0,3
2331,26/05/20,Odisha,649,7,1438
2332,26/05/20,Puducherry,12,0,41
2333,26/05/20,Punjab,1898,40,2060
2334,26/05/20,Rajasthan,3951,167,7300
2335,26/05/20,Sikkim,0,0,1
2336,26/05/20,Tamil Nadu,8731,118,17082
2337,26/05/20,Telangana,1164,56,1920
2338,26/05/20,Tripura,165,0,194
2339,26/05/20,Uttarakhand,58,3,349
2340,26/05/20,Uttar Pradesh,3581,165,6532
2341,26/05/20,West Bengal,1414,278,3816
2342,26/05/20,Cases being reassigned to states,0,0,2970
2343,27/05/20,Andaman and Nicobar Islands,33,0,33
2344,27/05/20,Andhra Pradesh,2009,57,3171
2345,27/05/20,Arunachal Pradesh,1,0,2
2346,27/05/20,Assam,62,4,616
2347,27/05/20,Bihar,900,13,2983
2348,27/05/20,Chandigarh,187,4,266
2349,27/05/20,Chhattisgarh,79,0,361
2350,27/05/20,Dadra and Nagar Haveli,0,0,2
2351,27/05/20,Delhi,7223,288,14465
2352,27/05/20,Goa,28,0,67
2353,27/05/20,Gujarat,7139,915,14821
2354,27/05/20,Haryana,824,17,1305
2355,27/05/20,Himachal Pradesh,67,5,247
2356,27/05/20,Jammu and Kashmir,833,24,1759
2357,27/05/20,Jharkhand,175,4,426
2358,27/05/20,Karnataka,748,44,2283
2359,27/05/20,Kerala,542,6,963
2360,27/05/20,Ladakh,43,0,53
2361,27/05/20,Madhya Pradesh,3689,305,7024
2362,27/05/20,Maharashtra,16954,1792,54758
2363,27/05/20,Manipur,4,0,39
2364,27/05/20,Meghalaya,12,1,15
2365,27/05/20,Mizoram,1,0,1
2366,27/05/20,Nagaland,0,0,4
2367,27/05/20,Odisha,733,7,1517
2368,27/05/20,Puducherry,12,0,46
2369,27/05/20,Punjab,1918,40,2106
2370,27/05/20,Rajasthan,4171,170,7536
2371,27/05/20,Sikkim,0,0,1
2372,27/05/20,Tamil Nadu,9342,127,17728
2373,27/05/20,Telangana,1284,57,1991
2374,27/05/20,Tripura,165,0,207
2375,27/05/20,Uttarakhand,64,4,401
2376,27/05/20,Uttar Pradesh,3698,170,6548
2377,27/05/20,West Bengal,1486,283,4009
2378,27/05/20,Cases being reassigned to states,0,0,4013
2379,28/05/20,Andaman and Nicobar Islands,33,0,33
2380,28/05/20,Andhra Pradesh,2057,58,3171
2381,28/05/20,Arunachal Pradesh,1,0,2
2382,28/05/20,Assam,87,4,781
2383,28/05/20,Bihar,1083,15,3061
2384,28/05/20,Chandigarh,187,4,279
2385,28/05/20,Chhattisgarh,83,0,369
2386,28/05/20,Dadra and Nagar Haveli,0,0,2
2387,28/05/20,Delhi,7264,303,15257
2388,28/05/20,Goa,37,0,68
2389,28/05/20,Gujarat,7549,938,15195
2390,28/05/20,Haryana,838,18,1381
2391,28/05/20,Himachal Pradesh,70,5,273
2392,28/05/20,Jammu and Kashmir,854,26,1921
2393,28/05/20,Jharkhand,185,4,448
2394,28/05/20,Karnataka,781,47,2418
2395,28/05/20,Kerala,552,7,1004
2396,28/05/20,Ladakh,43,0,53
2397,28/05/20,Madhya Pradesh,3927,313,7261
2398,28/05/20,Maharashtra,17918,1897,56948
2399,28/05/20,Manipur,4,0,44
2400,28/05/20,Meghalaya,12,1,20
2401,28/05/20,Mizoram,1,0,1
2402,28/05/20,Nagaland,0,0,4
2403,28/05/20,Odisha,733,7,1593
2404,28/05/20,Puducherry,12,0,46
2405,28/05/20,Punjab,1918,40,2139
2406,28/05/20,Rajasthan,4457,173,7703
2407,28/05/20,Sikkim,0,0,1
2408,28/05/20,Tamil Nadu,9909,133,18545
2409,28/05/20,Telangana,1284,63,2098
2410,28/05/20,Tripura,165,0,230
2411,28/05/20,Uttarakhand,79,4,469
2412,28/05/20,Uttar Pradesh,3991,182,6991
2413,28/05/20,West Bengal,1578,289,4192
2414,28/05/20,Cases being reassigned to states,0,0,4332
2415,29/05/20,Andaman and Nicobar Islands,33,0,33
2416,29/05/20,Andhra Pradesh,2125,59,3251
2417,29/05/20,Arunachal Pradesh,1,0,3
2418,29/05/20,Assam,104,4,856
2419,29/05/20,Bihar,1211,15,3296
2420,29/05/20,Chandigarh,189,4,288
2421,29/05/20,Chhattisgarh,83,0,399
2422,29/05/20,Dadra and Nagar Haveli,0,0,2
2423,29/05/20,Delhi,7495,316,16281
2424,29/05/20,Goa,38,0,69
2425,29/05/20,Gujarat,8003,960,15562
2426,29/05/20,Haryana,881,19,1504
2427,29/05/20,Himachal Pradesh,70,5,276
2428,29/05/20,Jammu and Kashmir,859,27,2036
2429,29/05/20,Jharkhand,212,4,469
2430,29/05/20,Karnataka,834,47,2533
2431,29/05/20,Kerala,555,7,1088
2432,29/05/20,Ladakh,43,0,73
2433,29/05/20,Madhya Pradesh,4050,321,7453
2434,29/05/20,Maharashtra,18616,1982,59546
2435,29/05/20,Manipur,5,0,55
2436,29/05/20,Meghalaya,12,1,21
2437,29/05/20,Mizoram,1,0,1
2438,29/05/20,Nagaland,0,0,18
2439,29/05/20,Odisha,887,7,1660
2440,29/05/20,Puducherry,14,0,51
2441,29/05/20,Punjab,1946,40,2158
2442,29/05/20,Rajasthan,4817,180,8067
2443,29/05/20,Sikkim,0,0,1
2444,29/05/20,Tamil Nadu,10548,145,19372
2445,29/05/20,Telangana,1345,67,2256
2446,29/05/20,Tripura,167,0,242
2447,29/05/20,Uttarakhand,79,4,500
2448,29/05/20,Uttar Pradesh,4215,197,7170
2449,29/05/20,West Bengal,1668,295,4536
2450,29/05/20,Cases being reassigned to states,0,0,4673
2451,30/05/20,Andaman and Nicobar Islands,33,0,33
2452,30/05/20,Andhra Pradesh,2226,60,3436
2453,30/05/20,Arunachal Pradesh,1,0,3
2454,30/05/20,Assam,125,4,1024
2455,30/05/20,Bihar,1211,15,3376
2456,30/05/20,Chandigarh,189,4,289
2457,30/05/20,Chhattisgarh,100,1,415
2458,30/05/20,Dadra and Nagar Haveli,0,0,2
2459,30/05/20,Delhi,7846,398,17386
2460,30/05/20,Goa,41,0,69
2461,30/05/20,Gujarat,8611,980,15934
2462,30/05/20,Haryana,940,19,1721
2463,30/05/20,Himachal Pradesh,87,5,295
2464,30/05/20,Jammu and Kashmir,875,28,2164
2465,30/05/20,Jharkhand,216,5,511
2466,30/05/20,Karnataka,894,48,2781
2467,30/05/20,Kerala,565,8,1150
2468,30/05/20,Ladakh,43,0,74
2469,30/05/20,Madhya Pradesh,4269,334,7645
2470,30/05/20,Maharashtra,26997,2098,62228
2471,30/05/20,Manipur,8,0,59
2472,30/05/20,Meghalaya,12,1,27
2473,30/05/20,Mizoram,1,0,1
2474,30/05/20,Nagaland,0,0,25
2475,30/05/20,Odisha,887,7,1723
2476,30/05/20,Puducherry,14,0,51
2477,30/05/20,Punjab,1949,42,2197
2478,30/05/20,Rajasthan,5244,184,8365
2479,30/05/20,Sikkim,0,0,1
2480,30/05/20,Tamil Nadu,11313,154,20246
2481,30/05/20,Telangana,1381,71,2425
2482,30/05/20,Tripura,171,0,251
2483,30/05/20,Uttarakhand,102,5,716
2484,30/05/20,Uttar Pradesh,4244,198,7284
2485,30/05/20,West Bengal,1775,302,4813
2486,30/05/20,Cases being reassigned to states,0,0,5043
2487,31/05/20,Andaman and Nicobar Islands,33,0,33
2488,31/05/20,Andhra Pradesh,2289,60,3569
2489,31/05/20,Arunachal Pradesh,1,0,4
2490,31/05/20,Assam,163,4,1185
2491,31/05/20,Bihar,1618,20,3636
2492,31/05/20,Chandigarh,189,4,289
2493,31/05/20,Chhattisgarh,102,1,447
2494,31/05/20,Dadra and Nagar Haveli,0,0,2
2495,31/05/20,Delhi,8075,416,18549
2496,31/05/20,Goa,41,0,70
2497,31/05/20,Gujarat,9230,1007,16343
2498,31/05/20,Haryana,971,20,1923
2499,31/05/20,Himachal Pradesh,111,5,313
2500,31/05/20,Jammu and Kashmir,908,28,2341
2501,31/05/20,Jharkhand,256,5,563
2502,31/05/20,Karnataka,997,48,2922
2503,31/05/20,Kerala,575,9,1208
2504,31/05/20,Ladakh,43,0,74
2505,31/05/20,Madhya Pradesh,4444,343,7891
2506,31/05/20,Maharashtra,28081,2197,65168
2507,31/05/20,Manipur,8,0,62
2508,31/05/20,Meghalaya,12,1,27
2509,31/05/20,Mizoram,1,0,1
2510,31/05/20,Nagaland,0,0,36
2511,31/05/20,Odisha,1050,7,1819
2512,31/05/20,Puducherry,14,0,51
2513,31/05/20,Punjab,1967,44,2233
2514,31/05/20,Rajasthan,5739,193,8617
2515,31/05/20,Sikkim,0,0,1
2516,31/05/20,Tamil Nadu,12000,160,21184
2517,31/05/20,Telangana,1412,77,2499
2518,31/05/20,Tripura,172,0,268
2519,31/05/20,Uttarakhand,102,5,749
2520,31/05/20,Uttar Pradesh,4410,201,7445
2521,31/05/20,West Bengal,1970,309,5130
2522,31/05/20,Cases being reassigned to states,0,0,5491
2523,1/6/2020,Andaman and Nicobar Islands,33,0,33
2524,1/6/2020,Andhra Pradesh,2349,62,3679
2525,1/6/2020,Arunachal Pradesh,1,0,4
2526,1/6/2020,Assam,185,4,1272
2527,1/6/2020,Bihar,1710,21,3815
2528,1/6/2020,Chandigarh,199,4,293
2529,1/6/2020,Chhattisgarh,115,1,498
2530,1/6/2020,Dadra and Nagar Haveli,0,0,2
2531,1/6/2020,Delhi,8478,473,19844
2532,1/6/2020,Goa,42,0,70
2533,1/6/2020,Gujarat,9919,1038,16779
2534,1/6/2020,Haryana,1048,20,2091
2535,1/6/2020,Himachal Pradesh,120,5,331
2536,1/6/2020,Jammu and Kashmir,927,28,2446
2537,1/6/2020,Jharkhand,256,5,610
2538,1/6/2020,Karnataka,1218,51,3221
2539,1/6/2020,Kerala,590,9,1269
2540,1/6/2020,Ladakh,43,0,74
2541,1/6/2020,Madhya Pradesh,4842,350,8089
2542,1/6/2020,Maharashtra,29329,2286,67655
2543,1/6/2020,Manipur,11,0,71
2544,1/6/2020,Meghalaya,12,1,27
2545,1/6/2020,Mizoram,1,0,1
2546,1/6/2020,Nagaland,0,0,43
2547,1/6/2020,Odisha,1126,7,1948
2548,1/6/2020,Puducherry,25,0,70
2549,1/6/2020,Punjab,1987,45,2263
2550,1/6/2020,Rajasthan,5927,194,8831
2551,1/6/2020,Sikkim,0,0,1
2552,1/6/2020,Tamil Nadu,12757,173,22333
2553,1/6/2020,Telangana,1428,82,2698
2554,1/6/2020,Tripura,173,0,313
2555,1/6/2020,Uttarakhand,102,5,907
2556,1/6/2020,Uttar Pradesh,4709,213,7823
2557,1/6/2020,West Bengal,2157,317,5501
2558,1/6/2020,Cases being reassigned to states,0,0,5630
2559,2/6/2020,Andaman and Nicobar Islands,33,0,33
2560,2/6/2020,Andhra Pradesh,2378,64,3783
2561,2/6/2020,Arunachal Pradesh,1,0,22
2562,2/6/2020,Assam,277,4,1390
2563,2/6/2020,Bihar,1900,24,3926
2564,2/6/2020,Chandigarh,199,4,294
2565,2/6/2020,Chhattisgarh,122,1,547
2566,2/6/2020,Dadra and Nagar Haveli,1,0,3
2567,2/6/2020,Delhi,8746,523,20834
2568,2/6/2020,Goa,42,0,71
2569,2/6/2020,Gujarat,10780,1063,17200
2570,2/6/2020,Haryana,1055,21,2356
2571,2/6/2020,Himachal Pradesh,122,5,340
2572,2/6/2020,Jammu and Kashmir,946,31,2601
2573,2/6/2020,Jharkhand,296,5,659
2574,2/6/2020,Karnataka,1328,52,3408
2575,2/6/2020,Kerala,608,10,1326
2576,2/6/2020,Ladakh,43,0,77
2577,2/6/2020,Madhya Pradesh,5003,358,8283
2578,2/6/2020,Maharashtra,30108,2362,70013
2579,2/6/2020,Manipur,11,0,83
2580,2/6/2020,Meghalaya,12,1,27
2581,2/6/2020,Mizoram,1,0,1
2582,2/6/2020,Nagaland,0,0,43
2583,2/6/2020,Odisha,1245,7,2104
2584,2/6/2020,Puducherry,25,0,74
2585,2/6/2020,Punjab,2000,45,2301
2586,2/6/2020,Rajasthan,6040,198,8980
2587,2/6/2020,Sikkim,0,0,1
2588,2/6/2020,Tamil Nadu,13170,184,23495
2589,2/6/2020,Telangana,1491,88,2792
2590,2/6/2020,Tripura,173,0,420
2591,2/6/2020,Uttarakhand,222,6,958
2592,2/6/2020,Uttar Pradesh,4843,217,8075
2593,2/6/2020,West Bengal,2306,325,5772
2594,2/6/2020,Cases being reassigned to states,0,0,6414
2595,3/6/2020,Andaman and Nicobar Islands,33,0,33
2596,3/6/2020,Andhra Pradesh,2421,64,3898
2597,3/6/2020,Arunachal Pradesh,1,0,22
2598,3/6/2020,Assam,324,4,1513
2599,3/6/2020,Bihar,1946,24,4155
2600,3/6/2020,Chandigarh,214,5,301
2601,3/6/2020,Chhattisgarh,130,1,564
2602,3/6/2020,Dadra and Nagar Haveli,1,0,4
2603,3/6/2020,Delhi,9243,556,22132
2604,3/6/2020,Goa,57,0,79
2605,3/6/2020,Gujarat,11894,1092,17617
2606,3/6/2020,Haryana,1069,23,2652
2607,3/6/2020,Himachal Pradesh,140,5,345
2608,3/6/2020,Jammu and Kashmir,953,33,2718
2609,3/6/2020,Jharkhand,320,5,712
2610,3/6/2020,Karnataka,1403,52,3796
2611,3/6/2020,Kerala,627,11,1412
2612,3/6/2020,Ladakh,47,1,81
2613,3/6/2020,Madhya Pradesh,5221,364,8420
2614,3/6/2020,Maharashtra,31333,2465,72300
2615,3/6/2020,Manipur,14,0,89
2616,3/6/2020,Meghalaya,12,1,27
2617,3/6/2020,Mizoram,1,0,13
2618,3/6/2020,Nagaland,0,0,49
2619,3/6/2020,Odisha,1325,7,2245
2620,3/6/2020,Puducherry,25,0,82
2621,3/6/2020,Punjab,2017,46,2342
2622,3/6/2020,Rajasthan,6435,203,9373
2623,3/6/2020,Sikkim,0,0,1
2624,3/6/2020,Tamil Nadu,13706,197,24586
2625,3/6/2020,Telangana,1526,92,2891
2626,3/6/2020,Tripura,173,0,468
2627,3/6/2020,Uttarakhand,252,7,1043
2628,3/6/2020,Uttar Pradesh,5030,222,8361
2629,3/6/2020,West Bengal,2410,335,6168
2630,3/6/2020,Cases being reassigned to states,0,0,7123
2631,4/6/2020,Andaman and Nicobar Islands,33,0,33
2632,4/6/2020,Andhra Pradesh,2466,68,4080
2633,4/6/2020,Arunachal Pradesh,1,0,38
2634,4/6/2020,Assam,413,4,1672
2635,4/6/2020,Bihar,2077,25,4390
2636,4/6/2020,Chandigarh,214,5,301
2637,4/6/2020,Chhattisgarh,188,2,668
2638,4/6/2020,Dadra and Nagar Haveli,1,0,8
2639,4/6/2020,Delhi,9542,606,23645
2640,4/6/2020,Goa,57,0,79
2641,4/6/2020,Gujarat,12212,1122,18100
2642,4/6/2020,Haryana,1089,23,2954
2643,4/6/2020,Himachal Pradesh,150,5,359
2644,4/6/2020,Jammu and Kashmir,1007,34,2857
2645,4/6/2020,Jharkhand,321,5,752
2646,4/6/2020,Karnataka,1514,53,4063
2647,4/6/2020,Kerala,651,11,1494
2648,4/6/2020,Ladakh,48,1,90
2649,4/6/2020,Madhya Pradesh,5445,371,8588
2650,4/6/2020,Maharashtra,32329,2587,74860
2651,4/6/2020,Manipur,38,0,118
2652,4/6/2020,Meghalaya,13,1,33
2653,4/6/2020,Mizoram,1,0,14
2654,4/6/2020,Nagaland,0,0,58
2655,4/6/2020,Odisha,1416,7,2388
2656,4/6/2020,Puducherry,25,0,82
2657,4/6/2020,Punjab,2029,47,2376
2658,4/6/2020,Rajasthan,6744,209,9652
2659,4/6/2020,Sikkim,0,0,2
2660,4/6/2020,Tamil Nadu,14316,208,25872
2661,4/6/2020,Telangana,1556,99,3020
2662,4/6/2020,Tripura,173,0,468
2663,4/6/2020,Uttarakhand,282,8,1085
2664,4/6/2020,Uttar Pradesh,5176,229,8729
2665,4/6/2020,West Bengal,2580,345,6508
2666,4/6/2020,Cases being reassigned to states,0,0,7483
2667,5/6/2020,Andaman and Nicobar Islands,33,0,33
2668,5/6/2020,Andhra Pradesh,2539,71,4223
2669,5/6/2020,Arunachal Pradesh,1,0,42
2670,5/6/2020,Assam,442,4,1988
2671,5/6/2020,Bihar,2210,29,4493
2672,5/6/2020,Chandigarh,214,5,301
2673,5/6/2020,Chhattisgarh,213,2,756
2674,5/6/2020,Dadra and Nagar Haveli,1,0,12
2675,5/6/2020,Delhi,9898,650,25004
2676,5/6/2020,Goa,57,0,166
2677,5/6/2020,Gujarat,12667,1155,18584
2678,5/6/2020,Haryana,2134,24,3281
2679,5/6/2020,Himachal Pradesh,179,5,383
2680,5/6/2020,Jammu and Kashmir,1048,35,3142
2681,5/6/2020,Jharkhand,354,6,793
2682,5/6/2020,Karnataka,1610,57,4320
2683,5/6/2020,Kerala,690,14,1588
2684,5/6/2020,Ladakh,48,1,90
2685,5/6/2020,Madhya Pradesh,5637,377,8762
2686,5/6/2020,Maharashtra,33681,2710,77793
2687,5/6/2020,Manipur,38,0,124
2688,5/6/2020,Meghalaya,13,1,33
2689,5/6/2020,Mizoram,1,0,17
2690,5/6/2020,Nagaland,0,0,80
2691,5/6/2020,Odisha,1416,7,2478
2692,5/6/2020,Puducherry,25,0,82
2693,5/6/2020,Punjab,2043,47,2415
2694,5/6/2020,Rajasthan,7104,213,9862
2695,5/6/2020,Sikkim,0,0,2
2696,5/6/2020,Tamil Nadu,14902,220,27256
2697,5/6/2020,Telangana,1587,105,3147
2698,5/6/2020,Tripura,173,0,644
2699,5/6/2020,Uttarakhand,297,10,1153
2700,5/6/2020,Uttar Pradesh,5439,245,9237
2701,5/6/2020,West Bengal,2768,355,6876
2702,5/6/2020,Cases being reassigned to states,0,0,7610
2703,6/6/2020,Andaman and Nicobar Islands,33,0,33
2704,6/6/2020,Andhra Pradesh,2576,73,4303
2705,6/6/2020,Arunachal Pradesh,1,0,45
2706,6/6/2020,Assam,498,4,2153
2707,6/6/2020,Bihar,2225,29,4596
2708,6/6/2020,Chandigarh,222,5,304
2709,6/6/2020,Chhattisgarh,244,2,879
2710,6/6/2020,Dadra and Nagar Haveli,1,0,14
2711,6/6/2020,Delhi,10315,708,26334
2712,6/6/2020,Goa,65,0,196
2713,6/6/2020,Gujarat,13003,1190,19094
2714,6/6/2020,Haryana,2134,24,3597
2715,6/6/2020,Himachal Pradesh,189,5,393
2716,6/6/2020,Jammu and Kashmir,1086,36,3324
2717,6/6/2020,Jharkhand,410,7,881
2718,6/6/2020,Karnataka,1688,57,4835
2719,6/6/2020,Kerala,712,14,1699
2720,6/6/2020,Ladakh,48,1,97
2721,6/6/2020,Madhya Pradesh,5878,384,8996
2722,6/6/2020,Maharashtra,35156,2849,80229
2723,6/6/2020,Manipur,41,0,132
2724,6/6/2020,Meghalaya,13,1,33
2725,6/6/2020,Mizoram,1,0,22
2726,6/6/2020,Nagaland,0,0,94
2727,6/6/2020,Odisha,1604,8,2608
2728,6/6/2020,Puducherry,36,0,99
2729,6/6/2020,Punjab,2069,48,2461
2730,6/6/2020,Rajasthan,7359,218,10084
2731,6/6/2020,Sikkim,0,0,3
2732,6/6/2020,Tamil Nadu,15762,232,28694
2733,6/6/2020,Telangana,1627,113,3290
2734,6/6/2020,Tripura,173,0,692
2735,6/6/2020,Uttarakhand,344,11,1215
2736,6/6/2020,Uttar Pradesh,5648,257,9733
2737,6/6/2020,West Bengal,2912,366,7303
2738,6/6/2020,Cases being reassigned to states,0,0,8192
2739,7/6/2020,Andaman and Nicobar Islands,33,0,33
2740,7/6/2020,Andhra Pradesh,2620,73,4510
2741,7/6/2020,Arunachal Pradesh,1,0,47
2742,7/6/2020,Assam,547,4,2397
2743,7/6/2020,Bihar,2425,30,4915
2744,7/6/2020,Chandigarh,273,5,309
2745,7/6/2020,Chhattisgarh,266,4,923
2746,7/6/2020,Dadra and Nagar Haveli,1,0,19
2747,7/6/2020,Delhi,10664,761,27654
2748,7/6/2020,Goa,65,0,267
2749,7/6/2020,Gujarat,13316,1219,19592
2750,7/6/2020,Haryana,2134,24,3952
2751,7/6/2020,Himachal Pradesh,194,5,400
2752,7/6/2020,Jammu and Kashmir,1126,39,3467
2753,7/6/2020,Jharkhand,473,7,1000
2754,7/6/2020,Karnataka,1968,59,5213
2755,7/6/2020,Kerala,762,15,1807
2756,7/6/2020,Ladakh,48,1,99
2757,7/6/2020,Madhya Pradesh,6108,399,9228
2758,7/6/2020,Maharashtra,37390,2969,82968
2759,7/6/2020,Manipur,52,0,157
2760,7/6/2020,Meghalaya,13,1,33
2761,7/6/2020,Mizoram,1,0,24
2762,7/6/2020,Nagaland,0,0,107
2763,7/6/2020,Odisha,1716,8,2781
2764,7/6/2020,Puducherry,36,0,99
2765,7/6/2020,Punjab,2092,50,2515
2766,7/6/2020,Rajasthan,7501,231,10331
2767,7/6/2020,Sikkim,0,0,7
2768,7/6/2020,Tamil Nadu,16395,251,30152
2769,7/6/2020,Telangana,1710,123,3496
2770,7/6/2020,Tripura,173,0,747
2771,7/6/2020,Uttarakhand,423,11,1303
2772,7/6/2020,Uttar Pradesh,5648,257,9733
2773,7/6/2020,West Bengal,3119,383,7738
2774,7/6/2020,Cases being reassigned to states,0,0,8605
2775,8/6/2020,Andaman and Nicobar Islands,33,0,33
2776,8/6/2020,Andhra Pradesh,2682,75,4708
2777,8/6/2020,Arunachal Pradesh,1,0,51
2778,8/6/2020,Assam,615,4,2565
2779,8/6/2020,Bihar,2480,30,5088
2780,8/6/2020,Chandigarh,273,5,314
2781,8/6/2020,Chhattisgarh,283,4,1073
2782,8/6/2020,Dadra and Nagar Haveli,2,0,20
2783,8/6/2020,Delhi,10664,761,27654
2784,8/6/2020,Goa,65,0,300
2785,8/6/2020,Gujarat,13635,1249,20070
2786,8/6/2020,Haryana,2134,28,4448
2787,8/6/2020,Himachal Pradesh,224,5,413
2788,8/6/2020,Jammu and Kashmir,1216,41,4087
2789,8/6/2020,Jharkhand,490,7,1099
2790,8/6/2020,Karnataka,2132,61,5452
2791,8/6/2020,Kerala,803,15,1914
2792,8/6/2020,Ladakh,50,1,103
2793,8/6/2020,Madhya Pradesh,6331,412,9401
2794,8/6/2020,Maharashtra,39314,3060,85975
2795,8/6/2020,Manipur,52,0,172
2796,8/6/2020,Meghalaya,13,1,36
2797,8/6/2020,Mizoram,1,0,34
2798,8/6/2020,Nagaland,8,0,118
2799,8/6/2020,Odisha,1894,9,2856
2800,8/6/2020,Puducherry,36,0,99
2801,8/6/2020,Punjab,2106,51,2608
2802,8/6/2020,Rajasthan,7641,240,10599
2803,8/6/2020,Sikkim,0,0,7
2804,8/6/2020,Tamil Nadu,16999,269,31667
2805,8/6/2020,Telangana,1710,123,3580
2806,8/6/2020,Tripura,192,0,800
2807,8/6/2020,Uttarakhand,528,13,1355
2808,8/6/2020,Uttar Pradesh,6185,275,10536
2809,8/6/2020,West Bengal,3303,396,8187
2810,8/6/2020,Cases being reassigned to states,0,0,9189
2811,9/6/2020,Andaman and Nicobar Islands,33,0,33
2812,9/6/2020,Andhra Pradesh,2745,75,4851
2813,9/6/2020,Arunachal Pradesh,1,0,51
2814,9/6/2020,Assam,665,4,2776
2815,9/6/2020,Bihar,2499,31,5202
2816,9/6/2020,Chandigarh,273,5,317
2817,9/6/2020,Chhattisgarh,308,4,1160
2818,9/6/2020,Dadra and Nagar Haveli,2,0,22
2819,9/6/2020,Delhi,11357,874,29943
2820,9/6/2020,Goa,67,0,330
2821,9/6/2020,Gujarat,13956,1280,20545
2822,9/6/2020,Haryana,2134,39,4854
2823,9/6/2020,Himachal Pradesh,227,5,421
2824,9/6/2020,Jammu and Kashmir,1324,45,4285
2825,9/6/2020,Jharkhand,519,7,1256
2826,9/6/2020,Karnataka,2519,64,5760
2827,9/6/2020,Kerala,814,16,2005
2828,9/6/2020,Ladakh,52,1,103
2829,9/6/2020,Madhya Pradesh,6536,414,9638
2830,9/6/2020,Maharashtra,40975,3169,88528
2831,9/6/2020,Manipur,58,0,272
2832,9/6/2020,Meghalaya,13,1,36
2833,9/6/2020,Mizoram,1,0,42
2834,9/6/2020,Nagaland,8,0,123
2835,9/6/2020,Odisha,1993,9,2994
2836,9/6/2020,Puducherry,52,0,127
2837,9/6/2020,Punjab,2128,53,2663
2838,9/6/2020,Rajasthan,8004,246,10763
2839,9/6/2020,Sikkim,0,0,7
2840,9/6/2020,Tamil Nadu,17527,286,33229
2841,9/6/2020,Telangana,1710,137,3650
2842,9/6/2020,Tripura,192,0,838
2843,9/6/2020,Uttarakhand,714,13,1411
2844,9/6/2020,Uttar Pradesh,6344,283,10947
2845,9/6/2020,West Bengal,3465,405,8613
2846,9/6/2020,Cases being reassigned to states,0,0,8803
2847,10/6/2020,Andaman and Nicobar Islands,33,0,33
2848,10/6/2020,Andhra Pradesh,2802,77,5070
2849,10/6/2020,Arunachal Pradesh,1,0,57
2850,10/6/2020,Assam,1085,4,2937
2851,10/6/2020,Bihar,2864,32,5459
2852,10/6/2020,Chandigarh,286,5,323
2853,10/6/2020,Chhattisgarh,386,6,1240
2854,10/6/2020,Dadra and Nagar Haveli,2,0,22
2855,10/6/2020,Delhi,11861,905,31309
2856,10/6/2020,Goa,67,0,359
2857,10/6/2020,Gujarat,14365,1313,21014
2858,10/6/2020,Haryana,2134,45,5209
2859,10/6/2020,Himachal Pradesh,249,5,445
2860,10/6/2020,Jammu and Kashmir,1506,48,4346
2861,10/6/2020,Jharkhand,559,8,1411
2862,10/6/2020,Karnataka,2604,66,5921
2863,10/6/2020,Kerala,848,16,2096
2864,10/6/2020,Ladakh,52,1,108
2865,10/6/2020,Madhya Pradesh,6729,420,9849
2866,10/6/2020,Maharashtra,42638,3289,90787
2867,10/6/2020,Manipur,61,0,304
2868,10/6/2020,Meghalaya,13,1,43
2869,10/6/2020,Mizoram,1,0,88
2870,10/6/2020,Nagaland,10,0,127
2871,10/6/2020,Odisha,2133,9,3140
2872,10/6/2020,Puducherry,52,0,127
2873,10/6/2020,Punjab,2167,55,2719
2874,10/6/2020,Rajasthan,8328,255,11245
2875,10/6/2020,Sikkim,0,0,13
2876,10/6/2020,Tamil Nadu,18325,307,34914
2877,10/6/2020,Telangana,1809,148,3920
2878,10/6/2020,Tripura,192,1,864
2879,10/6/2020,Uttarakhand,755,13,1537
2880,10/6/2020,Uttar Pradesh,6669,301,11335
2881,10/6/2020,West Bengal,3620,415,8985
2882,10/6/2020,Cases being reassigned to states,0,0,9227
2883,11/6/2020,Andaman and Nicobar Islands,33,0,34
2884,11/6/2020,Andhra Pradesh,2899,78,5269
2885,11/6/2020,Arunachal Pradesh,2,0,57
2886,11/6/2020,Assam,1249,4,3092
2887,11/6/2020,Bihar,3071,33,5710
2888,11/6/2020,Chandigarh,286,5,327
2889,11/6/2020,Chhattisgarh,402,6,1262
2890,11/6/2020,Dadra and Nagar Haveli,2,0,26
2891,11/6/2020,Daman & Diu,0,0,2
2892,11/6/2020,Delhi,12245,984,32810
2893,11/6/2020,Goa,67,0,387
2894,11/6/2020,Gujarat,14735,1347,21521
2895,11/6/2020,Haryana,2188,52,5579
2896,11/6/2020,Himachal Pradesh,254,6,451
2897,11/6/2020,Jammu and Kashmir,1671,51,4507
2898,11/6/2020,Jharkhand,592,8,1489
2899,11/6/2020,Karnataka,2862,69,6041
2900,11/6/2020,Kerala,905,18,2161
2901,11/6/2020,Ladakh,52,1,115
2902,11/6/2020,Madhya Pradesh,6892,427,10049
2903,11/6/2020,Maharashtra,44517,3438,94041
2904,11/6/2020,Manipur,63,0,311
2905,11/6/2020,Meghalaya,13,1,44
2906,11/6/2020,Mizoram,1,0,93
2907,11/6/2020,Nagaland,22,0,128
2908,11/6/2020,Odisha,2282,9,3250
2909,11/6/2020,Puducherry,53,0,127
2910,11/6/2020,Punjab,2232,55,2805
2911,11/6/2020,Rajasthan,8569,259,11600
2912,11/6/2020,Sikkim,0,0,13
2913,11/6/2020,Tamil Nadu,19333,326,36841
2914,11/6/2020,Telangana,1817,156,4111
2915,11/6/2020,Tripura,239,1,895
2916,11/6/2020,Uttarakhand,831,15,1562
2917,11/6/2020,Uttar Pradesh,6871,321,11610
2918,11/6/2020,West Bengal,3779,432,9328
2919,11/6/2020,Cases being reassigned to states,0,0,8931
