1,4/17/2020,Andaman and Nicobar Islands,1403,1210,12
2,4/24/2020,Andaman and Nicobar Islands,2679,,27
3,4/27/2020,Andaman and Nicobar Islands,2848,,33
4,5/1/2020,Andaman and Nicobar Islands,3754,,33
5,5/16/2020,Andaman and Nicobar Islands,6677,,33
6,5/19/2020,Andaman and Nicobar Islands,6965,,33
7,5/20/2020,Andaman and Nicobar Islands,7082,,33
8,5/21/2020,Andaman and Nicobar Islands,7167,,33
9,5/22/2020,Andaman and Nicobar Islands,7263,,33
10,5/23/2020,Andaman and Nicobar Islands,7327,,33
11,5/24/2020,Andaman and Nicobar Islands,7327,,33
12,5/25/2020,Andaman and Nicobar Islands,7363,,33
13,5/26/2020,Andaman and Nicobar Islands,7448,,33
14,5/27/2020,Andaman and Nicobar Islands,7499,,33
15,5/28/2020,Andaman and Nicobar Islands,7519,,33
16,5/29/2020,Andaman and Nicobar Islands,7567,,33
17,6/8/2020,Andaman and Nicobar Islands,9341,,33
18,6/9/2020,Andaman and Nicobar Islands,9859,,33
19,4/2/2020,Andhra Pradesh,1800,1175,132
20,4/10/2020,Andhra Pradesh,6374,6009,365
21,4/11/2020,Andhra Pradesh,6958,6577,381
22,4/12/2020,Andhra Pradesh,6958,6553,405
23,4/13/2020,Andhra Pradesh,8755,8323,432
24,4/14/2020,Andhra Pradesh,10505,10032,473
25,4/15/2020,Andhra Pradesh,11613,11088,525
26,4/16/2020,Andhra Pradesh,20235,19701,534
27,4/17/2020,Andhra Pradesh,20235,,572
28,4/18/2020,Andhra Pradesh,21450,20487,603
29,4/19/2020,Andhra Pradesh,26958,26311,647
30,4/20/2020,Andhra Pradesh,30733,30011,722
31,4/21/2020,Andhra Pradesh,35755,34998,757
32,4/22/2020,Andhra Pradesh,41512,40699,813
33,4/23/2020,Andhra Pradesh,48032,47139,893
34,4/24/2020,Andhra Pradesh,54338,53383,955
35,4/25/2020,Andhra Pradesh,61266,60250,1016
36,4/26/2020,Andhra Pradesh,68034,66937,1097
37,4/27/2020,Andhra Pradesh,74551,73374,1177
38,4/28/2020,Andhra Pradesh,80334,79075,1259
39,4/29/2020,Andhra Pradesh,88061,86729,1332
40,4/30/2020,Andhra Pradesh,94558,93155,1403
41,5/1/2020,Andhra Pradesh,102460,100997,1463
42,5/2/2020,Andhra Pradesh,108403,106878,1525
43,5/3/2020,Andhra Pradesh,114937,113354,1583
44,5/4/2020,Andhra Pradesh,125229,123579,1650
45,5/5/2020,Andhra Pradesh,133492,131775,1717
46,5/6/2020,Andhra Pradesh,141274,139497,1777
47,5/7/2020,Andhra Pradesh,149361,147528,1833
48,5/8/2020,Andhra Pradesh,156681,154794,1887
49,5/9/2020,Andhra Pradesh,165069,163139,1930
50,5/10/2020,Andhra Pradesh,173735,171755,1980
51,5/11/2020,Andhra Pradesh,181144,179126,2018
52,5/12/2020,Andhra Pradesh,191874,189823,2051
53,5/13/2020,Andhra Pradesh,201196,199059,2137
54,5/14/2020,Andhra Pradesh,210452,208247,2100
55,5/15/2020,Andhra Pradesh,219490,217183,2157
56,5/17/2020,Andhra Pradesh,238998,236618,2230
57,5/18/2020,Andhra Pradesh,248771,246279,2282
58,5/19/2020,Andhra Pradesh,258450,255961,2339
59,5/20/2020,Andhra Pradesh,267612,265052,2407
60,5/21/2020,Andhra Pradesh,275704,273099,2452
61,5/22/2020,Andhra Pradesh,284119,281452,2514
62,5/23/2020,Andhra Pradesh,292969,290255,2561
63,5/24/2020,Andhra Pradesh,304326,301529,2627
64,5/25/2020,Andhra Pradesh,314566,311680,2671
65,5/26/2020,Andhra Pradesh,322714,319731,2719
66,5/27/2020,Andhra Pradesh,332378,329261,2787
67,5/28/2020,Andhra Pradesh,342236,338991,2841
68,5/29/2020,Andhra Pradesh,353874,350544,2874
69,5/30/2020,Andhra Pradesh,363378,359917,2944
70,5/31/2020,Andhra Pradesh,372748,369177,3045
71,6/1/2020,Andhra Pradesh,383315,379639,3118
72,6/2/2020,Andhra Pradesh,395681,391890,3200
73,6/3/2020,Andhra Pradesh,403747,399776,3279
74,6/4/2020,Andhra Pradesh,413733,409621,3377
75,6/5/2020,Andhra Pradesh,423564,419314,3427
76,6/6/2020,Andhra Pradesh,436335,431875,3588
77,6/7/2020,Andhra Pradesh,454030,449371,3718
78,6/8/2020,Andhra Pradesh,468276,463463,3843
79,6/9/2020,Andhra Pradesh,483361,478332,3990
80,6/10/2020,Andhra Pradesh,498716,493469,4126
81,4/9/2020,Arunachal Pradesh,206,185,1
82,4/14/2020,Arunachal Pradesh,280,250,1
83,4/17/2020,Arunachal Pradesh,363,338,1
84,4/18/2020,Arunachal Pradesh,389,358,1
85,4/20/2020,Arunachal Pradesh,439,405,1
86,4/21/2020,Arunachal Pradesh,454,433,1
87,4/22/2020,Arunachal Pradesh,496,441,2
88,4/24/2020,Arunachal Pradesh,526,508,2
89,4/26/2020,Arunachal Pradesh,568,529,2
90,4/27/2020,Arunachal Pradesh,584,566,2
91,4/28/2020,Arunachal Pradesh,610,581,2
92,4/29/2020,Arunachal Pradesh,662,595,2
93,4/30/2020,Arunachal Pradesh,694,656,2
94,5/1/2020,Arunachal Pradesh,724,692,2
95,5/3/2020,Arunachal Pradesh,810,761,2
96,5/4/2020,Arunachal Pradesh,869,762,2
97,5/5/2020,Arunachal Pradesh,970,814,2
98,5/6/2020,Arunachal Pradesh,1039,857,2
99,5/7/2020,Arunachal Pradesh,1144,952,2
100,5/8/2020,Arunachal Pradesh,1354,1015,2
101,5/9/2020,Arunachal Pradesh,1597,1266,2
102,5/10/2020,Arunachal Pradesh,1823,1363,2
103,5/11/2020,Arunachal Pradesh,2078,1538,2
104,5/12/2020,Arunachal Pradesh,2257,1798,2
105,5/13/2020,Arunachal Pradesh,2483,1902,2
106,5/14/2020,Arunachal Pradesh,2677,2233,2
107,5/15/2020,Arunachal Pradesh,2942,2546,2
108,5/16/2020,Arunachal Pradesh,3163,2861,2
109,5/17/2020,Arunachal Pradesh,3349,2966,2
110,5/18/2020,Arunachal Pradesh,3662,3166,2
111,5/19/2020,Arunachal Pradesh,3941,3392,2
112,5/20/2020,Arunachal Pradesh,4157,3710,2
113,5/21/2020,Arunachal Pradesh,4438,3963,2
114,5/22/2020,Arunachal Pradesh,4844,4211,2
115,5/23/2020,Arunachal Pradesh,5206,4340,2
116,5/24/2020,Arunachal Pradesh,5428,4552,2
117,5/25/2020,Arunachal Pradesh,5997,4941,2
118,5/26/2020,Arunachal Pradesh,6319,5083,2
119,5/27/2020,Arunachal Pradesh,6436,5405,2
120,5/28/2020,Arunachal Pradesh,6984,5677,3
121,5/29/2020,Arunachal Pradesh,7488,6268,3
122,5/30/2020,Arunachal Pradesh,8017,6675,4
123,5/31/2020,Arunachal Pradesh,8283,7012,4
124,6/1/2020,Arunachal Pradesh,8768,7528,22
125,6/2/2020,Arunachal Pradesh,9079,7806,28
126,6/3/2020,Arunachal Pradesh,9551,7927,38
127,6/4/2020,Arunachal Pradesh,10025,8552,43
128,6/5/2020,Arunachal Pradesh,10790,8877,46
129,6/6/2020,Arunachal Pradesh,11261,9350,49
130,6/7/2020,Arunachal Pradesh,11516,9921,51
131,6/8/2020,Arunachal Pradesh,12012,10376,57
132,6/9/2020,Arunachal Pradesh,12455,10642,57
133,6/10/2020,Arunachal Pradesh,13035,11420,61
134,4/2/2020,Assam,962,819,16
135,4/10/2020,Assam,2863,2685,29
136,4/11/2020,Assam,3011,2842,29
137,4/12/2020,Assam,3138,2973,29
138,4/14/2020,Assam,3491,3267,31
139,4/15/2020,Assam,3613,3492,32
140,4/16/2020,Assam,4108,3803,34
141,4/17/2020,Assam,4236,4024,34
142,4/18/2020,Assam,4400,4199,34
143,4/19/2020,Assam,4865,4584,34
144,4/20/2020,Assam,5112,4937,34
145,4/21/2020,Assam,5514,5245,34
146,4/24/2020,Assam,6680,6391,35
147,4/25/2020,Assam,7159,6781,35
148,4/26/2020,Assam,7823,7474,35
149,4/27/2020,Assam,8117,7985,35
150,4/29/2020,Assam,9520,8771,37
151,5/2/2020,Assam,11623,10499,42
152,5/4/2020,Assam,12775,11764,42
153,5/5/2020,Assam,13442,12533,43
154,5/9/2020,Assam,16167,15076,59
155,5/10/2020,Assam,18002,16236,62
156,5/11/2020,Assam,19589,17813,64
157,5/12/2020,Assam,21791,19211,64
158,5/14/2020,Assam,25824,23178,86
159,5/15/2020,Assam,28178,25431,86
160,5/16/2020,Assam,31276,28332,91
161,5/17/2020,Assam,34376,32035,97
162,5/18/2020,Assam,37898,35159,106
163,5/19/2020,Assam,41116,38138,141
164,5/20/2020,Assam,47084,42729,170
165,5/21/2020,Assam,51730,46442,203
166,5/22/2020,Assam,55791,50450,259
167,5/23/2020,Assam,60405,54185,329
168,5/24/2020,Assam,66444,58972,378
169,5/25/2020,Assam,70029,62244,526
170,5/26/2020,Assam,72654,66562,616
171,5/29/2020,Assam,92390,84933,1024
172,5/30/2020,Assam,101257,91248,1185
173,5/31/2020,Assam,109097,101006,1272
174,6/2/2020,Assam,120375,111229,1513
175,6/3/2020,Assam,126726,117650,1672
176,6/4/2020,Assam,133029,122618,1988
177,6/6/2020,Assam,146605,136154,2397
178,6/7/2020,Assam,153326,142192,2565
179,6/9/2020,Assam,169842,159760,2937
180,4/5/2020,Bihar,3037,2299,32
181,4/8/2020,Bihar,4596,,38
182,4/9/2020,Bihar,4991,,43
183,4/10/2020,Bihar,5457,,60
184,4/11/2020,Bihar,6250,,61
185,4/12/2020,Bihar,6703,,64
186,4/13/2020,Bihar,7263,,65
187,4/14/2020,Bihar,7727,,62
188,4/15/2020,Bihar,8263,,66
189,4/16/2020,Bihar,8846,,72
190,4/17/2020,Bihar,9486,,83
191,4/18/2020,Bihar,10130,,85
192,4/19/2020,Bihar,10745,,92
193,4/20/2020,Bihar,11319,,96
194,4/21/2020,Bihar,11999,,115
195,4/22/2020,Bihar,12978,,136
196,4/23/2020,Bihar,13785,,148
197,4/24/2020,Bihar,14924,,176
198,4/25/2020,Bihar,15885,,238
199,4/26/2020,Bihar,17041,,255
200,4/27/2020,Bihar,18179,,328
201,4/28/2020,Bihar,19790,,346
202,4/29/2020,Bihar,21180,,383
203,4/30/2020,Bihar,22672,,409
204,5/1/2020,Bihar,24118,,466
205,5/2/2020,Bihar,25724,,476
206,5/3/2020,Bihar,26951,,485
207,5/4/2020,Bihar,28345,,525
208,5/5/2020,Bihar,28791,,529
209,5/6/2020,Bihar,29328,,539
210,5/7/2020,Bihar,29841,,547
211,5/8/2020,Bihar,30320,,564
212,5/9/2020,Bihar,31552,,585
213,5/10/2020,Bihar,32670,,653
214,5/11/2020,Bihar,34662,,714
215,5/12/2020,Bihar,37430,,796
216,5/13/2020,Bihar,39149,,909
217,5/14/2020,Bihar,40782,,970
218,5/15/2020,Bihar,42645,,1010
219,5/16/2020,Bihar,44340,,1083
220,5/17/2020,Bihar,45729,,1193
221,5/18/2020,Bihar,46996,,1391
222,5/19/2020,Bihar,50563,,1495
223,5/20/2020,Bihar,53361,,1607
224,5/21/2020,Bihar,55692,,1881
225,5/22/2020,Bihar,58481,,2098
226,5/23/2020,Bihar,61220,,2344
227,5/24/2020,Bihar,63741,,2507
228,5/27/2020,Bihar,68262,,3010
229,5/28/2020,Bihar,70275,,3106
230,5/29/2020,Bihar,72256,,3276
231,5/30/2020,Bihar,73929,,3511
232,5/31/2020,Bihar,75737,,3692
233,6/1/2020,Bihar,78090,,3872
234,6/2/2020,Bihar,81413,,4049
235,6/3/2020,Bihar,84729,,4273
236,6/4/2020,Bihar,88313,,4420
237,6/5/2020,Bihar,91903,,4551
238,6/6/2020,Bihar,95473,,4745
239,6/7/2020,Bihar,99108,,4972
240,6/8/2020,Bihar,102318,,5176
241,6/9/2020,Bihar,105588,,5364
242,6/10/2020,Bihar,109483,,5583
243,4/2/2020,Chandigarh,124,98,18
244,4/8/2020,Chandigarh,184,162,18
245,4/10/2020,Chandigarh,223,199,19
246,4/11/2020,Chandigarh,264,223,19
247,4/12/2020,Chandigarh,279,247,21
248,4/13/2020,Chandigarh,296,263,21
249,4/14/2020,Chandigarh,309,285,21
250,4/15/2020,Chandigarh,317,293,21
251,4/16/2020,Chandigarh,337,315,21
252,4/17/2020,Chandigarh,358,335,21
253,4/18/2020,Chandigarh,381,348,23
254,4/19/2020,Chandigarh,430,388,26
255,4/20/2020,Chandigarh,453,417,26
256,4/21/2020,Chandigarh,497,445,27
257,4/22/2020,Chandigarh,529,492,27
258,4/23/2020,Chandigarh,599,557,27
259,4/24/2020,Chandigarh,638,603,27
260,4/25/2020,Chandigarh,734,668,28
261,4/26/2020,Chandigarh,756,677,30
262,4/27/2020,Chandigarh,843,777,40
263,4/28/2020,Chandigarh,924,857,56
264,4/29/2020,Chandigarh,1012,922,67
265,4/30/2020,Chandigarh,1147,1022,74
266,5/1/2020,Chandigarh,1252,1131,88
267,5/2/2020,Chandigarh,1462,1339,94
268,5/3/2020,Chandigarh,1616,1491,97
269,5/4/2020,Chandigarh,1678,1545,102
270,5/5/2020,Chandigarh,1713,1576,115
271,5/6/2020,Chandigarh,1785,1641,120
272,5/7/2020,Chandigarh,1845,1698,129
273,5/8/2020,Chandigarh,1913,1748,146
274,5/9/2020,Chandigarh,2055,1871,169
275,5/10/2020,Chandigarh,2142,1947,173
276,5/11/2020,Chandigarh,2177,1978,173
277,5/12/2020,Chandigarh,2276,2069,187
278,5/13/2020,Chandigarh,2420,2206,189
279,5/14/2020,Chandigarh,2505,2299,191
280,5/15/2020,Chandigarh,2586,2383,191
281,5/16/2020,Chandigarh,2718,2513,191
282,5/17/2020,Chandigarh,2812,2604,191
283,5/18/2020,Chandigarh,2892,2663,196
284,5/19/2020,Chandigarh,3031,2783,199
285,5/21/2020,Chandigarh,3369,3125,216
286,5/22/2020,Chandigarh,3531,3234,219
287,5/23/2020,Chandigarh,3749,3390,225
288,5/24/2020,Chandigarh,3904,3514,238
289,5/25/2020,Chandigarh,4089,3695,266
290,5/26/2020,Chandigarh,4207,3828,278
291,5/27/2020,Chandigarh,4332,3991,279
292,5/28/2020,Chandigarh,4467,4138,289
293,5/29/2020,Chandigarh,4543,4222,289
294,5/30/2020,Chandigarh,4654,4342,289
295,5/31/2020,Chandigarh,4785,4478,293
296,6/1/2020,Chandigarh,4816,4495,294
297,6/2/2020,Chandigarh,4902,4573,301
298,6/3/2020,Chandigarh,4977,4658,301
299,6/4/2020,Chandigarh,5059,4735,302
300,6/5/2020,Chandigarh,5121,4793,309
301,6/6/2020,Chandigarh,5237,4906,309
302,6/7/2020,Chandigarh,5312,4977,314
303,6/8/2020,Chandigarh,5385,5040,318
304,6/10/2020,Chandigarh,5532,5182,328
305,4/2/2020,Chhattisgarh,1232,921,9
306,4/10/2020,Chhattisgarh,3473,3322,18
307,4/11/2020,Chhattisgarh,3858,3503,18
308,4/12/2020,Chhattisgarh,3945,3856,31
309,4/13/2020,Chhattisgarh,4377,3969,31
310,4/14/2020,Chhattisgarh,4812,4319,33
311,4/15/2020,Chhattisgarh,5122,4878,33
312,4/16/2020,Chhattisgarh,5519,5168,33
313,4/17/2020,Chhattisgarh,5776,5484,36
314,4/18/2020,Chhattisgarh,5776,5484,36
315,4/19/2020,Chhattisgarh,6675,6086,36
316,4/20/2020,Chhattisgarh,7601,7029,36
317,4/21/2020,Chhattisgarh,8272,7555,36
318,4/22/2020,Chhattisgarh,9220,8296,36
319,4/23/2020,Chhattisgarh,10346,9206,36
320,4/24/2020,Chhattisgarh,11386,10213,36
321,4/25/2020,Chhattisgarh,12596,11168,37
322,4/26/2020,Chhattisgarh,13786,12406,37
323,4/27/2020,Chhattisgarh,14987,13882,37
324,4/28/2020,Chhattisgarh,15737,14953,38
325,4/29/2020,Chhattisgarh,16546,15658,38
326,4/30/2020,Chhattisgarh,17541,16602,40
327,5/1/2020,Chhattisgarh,18039,17199,43
328,5/3/2020,Chhattisgarh,19902,18848,57
329,5/5/2020,Chhattisgarh,21323,20300,58
330,5/6/2020,Chhattisgarh,22188,20873,59
331,5/8/2020,Chhattisgarh,23629,22509,59
332,5/9/2020,Chhattisgarh,24506,23326,59
333,5/10/2020,Chhattisgarh,25282,24186,59
334,5/12/2020,Chhattisgarh,27339,25741,59
335,5/13/2020,Chhattisgarh,28837,27012,59
336,5/14/2020,Chhattisgarh,29697,28234,59
337,5/15/2020,Chhattisgarh,31341,29812,66
338,5/16/2020,Chhattisgarh,32678,31275,67
339,5/18/2020,Chhattisgarh,36606,34656,93
340,5/19/2020,Chhattisgarh,39010,36586,100
341,5/21/2020,Chhattisgarh,45522,42618,128
342,5/22/2020,Chhattisgarh,48116,45022,172
343,5/23/2020,Chhattisgarh,49763,46894,214
344,5/25/2020,Chhattisgarh,55022,52598,292
345,5/26/2020,Chhattisgarh,57479,55539,360
346,5/27/2020,Chhattisgarh,59320,57283,364
347,5/28/2020,Chhattisgarh,61771,59585,398
348,5/29/2020,Chhattisgarh,63992,62983,415
349,5/30/2020,Chhattisgarh,66417,64762,447
350,5/31/2020,Chhattisgarh,69152,67268,492
351,6/1/2020,Chhattisgarh,70726,69361,539
352,6/2/2020,Chhattisgarh,73198,71218,556
353,6/3/2020,Chhattisgarh,76446,73706,626
354,6/4/2020,Chhattisgarh,78971,75519,756
355,6/5/2020,Chhattisgarh,81773,78134,863
356,6/6/2020,Chhattisgarh,85346,80477,923
357,6/7/2020,Chhattisgarh,88896,84344,1073
358,6/8/2020,Chhattisgarh,92598,86719,1160
359,6/9/2020,Chhattisgarh,93059,89914,1211
360,6/10/2020,Chhattisgarh,94576,92049,1262
361,4/9/2020,Dadra and Nagar Haveli,80,80,0
362,4/10/2020,Dadra and Nagar Haveli,130,130,0
363,4/11/2020,Dadra and Nagar Haveli,211,211,0
364,4/15/2020,Dadra and Nagar Haveli,356,356,0
365,4/16/2020,Dadra and Nagar Haveli,382,382,0
366,4/21/2020,Dadra and Nagar Haveli,474,474,0
367,4/22/2020,Dadra and Nagar Haveli,674,674,0
368,4/23/2020,Dadra and Nagar Haveli,913,913,0
369,4/25/2020,Dadra and Nagar Haveli,1386,1386,0
370,4/26/2020,Dadra and Nagar Haveli,1901,1901,0
371,4/27/2020,Dadra and Nagar Haveli,2379,2379,0
372,4/29/2020,Dadra and Nagar Haveli,2921,2921,0
373,4/30/2020,Dadra and Nagar Haveli,3464,3464,0
374,5/1/2020,Dadra and Nagar Haveli,4003,4003,0
375,5/3/2020,Dadra and Nagar Haveli,4328,4328,0
376,5/4/2020,Dadra and Nagar Haveli,4434,4434,0
377,5/5/2020,Dadra and Nagar Haveli,4781,4780,1
378,5/6/2020,Dadra and Nagar Haveli,4967,4966,1
379,5/7/2020,Dadra and Nagar Haveli,5272,5271,1
380,5/8/2020,Dadra and Nagar Haveli,5430,5429,1
381,5/10/2020,Dadra and Nagar Haveli,5581,5580,1
382,5/11/2020,Dadra and Nagar Haveli,5763,5762,1
383,5/12/2020,Dadra and Nagar Haveli,5977,5976,1
384,5/13/2020,Dadra and Nagar Haveli,6294,6293,1
385,5/14/2020,Dadra and Nagar Haveli,6554,6553,1
386,5/15/2020,Dadra and Nagar Haveli,6916,6915,1
387,5/17/2020,Dadra and Nagar Haveli,7157,7156,1
388,5/18/2020,Dadra and Nagar Haveli,7571,7570,1
389,5/19/2020,Dadra and Nagar Haveli,7829,7828,1
390,5/20/2020,Dadra and Nagar Haveli,8137,8136,1
391,5/21/2020,Dadra and Nagar Haveli,8456,8455,1
392,5/22/2020,Dadra and Nagar Haveli,8979,8978,1
393,5/23/2020,Dadra and Nagar Haveli,9298,9296,2
394,5/24/2020,Dadra and Nagar Haveli,9678,9676,2
395,5/25/2020,Dadra and Nagar Haveli,10085,10083,2
396,5/26/2020,Dadra and Nagar Haveli,10388,10386,2
397,5/27/2020,Dadra and Nagar Haveli,10872,10870,2
398,5/28/2020,Dadra and Nagar Haveli,11177,11175,2
399,5/29/2020,Dadra and Nagar Haveli,11477,11475,2
400,6/1/2020,Dadra and Nagar Haveli,11693,11690,3
401,6/3/2020,Dadra and Nagar Haveli,12064,12052,12
402,6/4/2020,Dadra and Nagar Haveli,12375,12361,14
403,6/5/2020,Dadra and Nagar Haveli,13667,13653,14
404,6/6/2020,Dadra and Nagar Haveli,14780,14761,19
405,6/7/2020,Dadra and Nagar Haveli,15546,14926,20
406,6/8/2020,Dadra and Nagar Haveli,16277,15655,22
407,6/10/2020,Dadra and Nagar Haveli,17179,16552,27
408,4/7/2020,Delhi,9041,7308,576
409,4/9/2020,Delhi,9968,8643,720
410,4/10/2020,Delhi,11061,9662,903
411,4/11/2020,Delhi,11709,10218,1069
412,4/12/2020,Delhi,14036,11748,1154
413,4/13/2020,Delhi,15032,12283,1510
414,4/14/2020,Delhi,16282,13748,1561
415,4/15/2020,Delhi,16605,13865,1578
416,4/16/2020,Delhi,18784,14692,1640
417,4/17/2020,Delhi,21409,16899,1707
418,4/18/2020,Delhi,22283,17449,1893
419,4/19/2020,Delhi,24387,19393,2003
420,4/20/2020,Delhi,25900,20712,2081
421,4/21/2020,Delhi,26627,21810,2156
422,4/22/2020,Delhi,28309,22713,2248
423,4/23/2020,Delhi,30560,24538,2375
424,4/24/2020,Delhi,33672,26552,2514
425,4/25/2020,Delhi,35519,28693,2625
426,4/26/2020,Delhi,37613,31919,2918
427,4/27/2020,Delhi,39911,34145,3108
428,4/28/2020,Delhi,43370,36195,3314
429,4/29/2020,Delhi,47225,39920,3439
430,5/2/2020,Delhi,58210,,4122
431,5/3/2020,Delhi,60246,,4549
432,5/4/2020,Delhi,64108,,4898
433,5/5/2020,Delhi,67852,,5104
434,5/6/2020,Delhi,71934,,5532
435,5/7/2020,Delhi,77234,,5980
436,5/8/2020,Delhi,81367,,6318
437,5/9/2020,Delhi,84226,,6542
438,5/10/2020,Delhi,93810,,6923
439,5/11/2020,Delhi,97678,,7233
440,5/12/2020,Delhi,106109,,7639
441,5/13/2020,Delhi,113345,,7998
442,5/14/2020,Delhi,119736,,8470
443,5/15/2020,Delhi,125189,,8895
444,5/16/2020,Delhi,130845,,9333
445,5/17/2020,Delhi,135791,,9755
446,5/18/2020,Delhi,139727,,10054
447,5/19/2020,Delhi,145854,,10554
448,5/20/2020,Delhi,150282,,11088
449,5/21/2020,Delhi,154385,,11659
450,5/22/2020,Delhi,160255,,12319
451,5/23/2020,Delhi,165047,,12910
452,5/24/2020,Delhi,169873,,13418
453,5/25/2020,Delhi,174469,,14053
454,5/26/2020,Delhi,178579,,14465
455,5/27/2020,Delhi,184362,,15257
456,5/28/2020,Delhi,191977,,16281
457,5/29/2020,Delhi,199626,,17386
458,5/30/2020,Delhi,206739,,18549
459,5/31/2020,Delhi,212784,,19844
460,6/1/2020,Delhi,217537,,20834
461,6/2/2020,Delhi,223607,,22132
462,6/3/2020,Delhi,230145,,23645
463,6/4/2020,Delhi,236506,,25004
464,6/5/2020,Delhi,241693,,26334
465,6/6/2020,Delhi,246873,,27654
466,6/7/2020,Delhi,251915,,28936
467,6/8/2020,Delhi,255615,,29943
468,6/9/2020,Delhi,261079,,31309
469,6/10/2020,Delhi,266156,,32810
470,4/2/2020,Goa,220,197,5
471,4/9/2020,Goa,344,,7
472,4/10/2020,Goa,354,,7
473,4/12/2020,Goa,406,,7
474,4/13/2020,Goa,440,,7
475,4/14/2020,Goa,479,,7
476,4/15/2020,Goa,556,,7
477,4/16/2020,Goa,611,,7
478,4/17/2020,Goa,673,,7
479,4/18/2020,Goa,758,,7
480,4/19/2020,Goa,826,,7
481,4/20/2020,Goa,901,,7
482,4/21/2020,Goa,1004,,7
483,4/22/2020,Goa,1116,,7
484,4/23/2020,Goa,1206,,7
485,4/27/2020,Goa,1541,,7
486,4/28/2020,Goa,1776,,7
487,4/29/2020,Goa,1871,,7
488,4/30/2020,Goa,2031,,7
489,5/1/2020,Goa,2181,,7
490,5/2/2020,Goa,2372,,7
491,5/3/2020,Goa,2548,,7
492,5/4/2020,Goa,2899,,7
493,5/5/2020,Goa,3096,,7
494,5/6/2020,Goa,3411,,7
495,5/8/2020,Goa,4140,,7
496,5/9/2020,Goa,4524,,7
497,5/10/2020,Goa,4848,,7
498,5/11/2020,Goa,5307,,7
499,5/14/2020,Goa,6736,,7
500,5/15/2020,Goa,7304,,7
501,5/16/2020,Goa,8011,,20
502,5/17/2020,Goa,8785,,29
503,5/18/2020,Goa,8785,,29
504,5/19/2020,Goa,9549,,46
505,5/20/2020,Goa,10136,,50
506,5/21/2020,Goa,10859,,52
507,5/22/2020,Goa,11362,,54
508,5/23/2020,Goa,11945,,55
509,5/24/2020,Goa,12499,,66
510,5/25/2020,Goa,12860,,67
511,5/26/2020,Goa,13303,,67
512,5/27/2020,Goa,13911,,68
513,5/28/2020,Goa,14782,,69
514,5/29/2020,Goa,16141,,69
515,5/30/2020,Goa,17871,,70
516,5/31/2020,Goa,19491,,71
517,6/1/2020,Goa,20780,,73
518,6/2/2020,Goa,22378,,79
519,6/3/2020,Goa,23816,,126
520,6/4/2020,Goa,25300,,166
521,6/5/2020,Goa,26208,,196
522,6/6/2020,Goa,27402,,267
523,6/7/2020,Goa,29739,,300
524,6/8/2020,Goa,31455,,330
525,6/9/2020,Goa,32194,,359
526,6/10/2020,Goa,35332,,387
527,4/8/2020,Gujarat,4224,3905,186
528,4/10/2020,Gujarat,7718,7237,378
529,4/11/2020,Gujarat,9763,8888,468
530,4/12/2020,Gujarat,11715,10867,516
531,4/13/2020,Gujarat,14251,12970,572
532,4/14/2020,Gujarat,14980,14363,617
533,4/15/2020,Gujarat,19197,18431,766
534,4/16/2020,Gujarat,20903,19974,929
535,4/17/2020,Gujarat,23483,22339,1099
536,4/18/2020,Gujarat,26102,24726,1376
537,4/19/2020,Gujarat,29104,27361,1743
538,4/20/2020,Gujarat,33316,31377,1939
539,4/21/2020,Gujarat,36829,34651,2178
540,4/22/2020,Gujarat,39421,37014,2407
541,4/23/2020,Gujarat,42384,39760,2624
542,4/24/2020,Gujarat,46743,41007,2815
543,4/25/2020,Gujarat,48315,45254,3061
544,4/26/2020,Gujarat,51091,47790,3301
545,4/27/2020,Gujarat,53575,50028,3547
546,4/28/2020,Gujarat,56101,52327,3774
547,4/29/2020,Gujarat,59488,55406,4082
548,4/30/2020,Gujarat,64007,59612,4395
549,5/1/2020,Gujarat,68774,64053,4721
550,5/2/2020,Gujarat,74116,69062,5054
551,5/3/2020,Gujarat,80060,74632,5428
552,5/4/2020,Gujarat,84648,78844,5804
553,5/5/2020,Gujarat,89632,83387,6245
554,5/6/2020,Gujarat,95191,88566,6625
555,5/7/2020,Gujarat,100553,93540,7013
556,5/8/2020,Gujarat,105386,97984,7403
557,5/9/2020,Gujarat,109650,101853,7797
558,5/10/2020,Gujarat,113493,105298,8195
559,5/11/2020,Gujarat,116470,107929,8541
560,5/12/2020,Gujarat,119536,110633,8903
561,5/13/2020,Gujarat,122297,113029,9268
562,5/14/2020,Gujarat,124708,115117,9591
563,5/15/2020,Gujarat,127859,117927,9932
564,5/16/2020,Gujarat,138407,127418,10989
565,5/17/2020,Gujarat,143600,132220,11380
566,5/18/2020,Gujarat,148824,137078,11746
567,5/19/2020,Gujarat,154674,142533,12141
568,5/20/2020,Gujarat,160772,148233,12539
569,5/21/2020,Gujarat,166152,153242,12910
570,5/22/2020,Gujarat,172562,159289,13273
571,5/23/2020,Gujarat,178068,164399,13669
572,5/24/2020,Gujarat,182868,168806,14056
573,5/25/2020,Gujarat,186361,171893,14468
574,5/26/2020,Gujarat,189313,,14821
575,5/27/2020,Gujarat,193863,,15203
576,5/28/2020,Gujarat,198048,,15572
577,5/29/2020,Gujarat,201481,,15944
578,5/30/2020,Gujarat,205780,,16356
579,5/31/2020,Gujarat,211930,,16794
580,6/1/2020,Gujarat,216258,,17217
581,6/2/2020,Gujarat,221610,,17632
582,6/3/2020,Gujarat,227898,,18117
583,6/4/2020,Gujarat,233921,,18609
584,6/5/2020,Gujarat,239911,,19119
585,6/6/2020,Gujarat,245606,,19617
586,6/7/2020,Gujarat,251686,,20097
587,6/8/2020,Gujarat,256289,,20574
588,6/9/2020,Gujarat,261587,,21044
589,6/10/2020,Gujarat,266404,,21554
590,4/3/2020,Haryana,1325,938,44
591,4/7/2020,Haryana,2520,1821,141
592,4/8/2020,Haryana,2650,1885,153
593,4/9/2020,Haryana,2964,2017,156
594,4/10/2020,Haryana,3527,2447,162
595,4/11/2020,Haryana,3663,2472,165
596,4/12/2020,Haryana,3903,2513,181
597,4/13/2020,Haryana,4489,2961,182
598,4/14/2020,Haryana,5210,3681,184
599,4/15/2020,Haryana,7388,5581,190
600,4/16/2020,Haryana,8064,6465,214
601,4/17/2020,Haryana,8884,7148,223
602,4/18/2020,Haryana,10454,8093,232
603,4/19/2020,Haryana,12687,10230,250
604,4/20/2020,Haryana,13894,11523,251
605,4/21/2020,Haryana,14562,12253,255
606,4/22/2020,Haryana,15561,13397,264
607,4/23/2020,Haryana,17582,15452,270
608,4/24/2020,Haryana,18845,16642,275
609,4/25/2020,Haryana,20270,17787,287
610,4/26/2020,Haryana,21467,19241,296
611,4/27/2020,Haryana,22993,20702,301
612,4/28/2020,Haryana,24826,22578,308
613,4/29/2020,Haryana,26148,24071,311
614,4/30/2020,Haryana,28202,25929,339
615,5/1/2020,Haryana,30191,27784,357
616,5/2/2020,Haryana,31200,28867,369
617,5/3/2020,Haryana,35278,32583,442
618,5/4/2020,Haryana,38183,34501,517
619,5/5/2020,Haryana,40982,36806,548
620,5/6/2020,Haryana,43279,38590,594
621,5/7/2020,Haryana,46495,41861,625
622,5/8/2020,Haryana,49746,43974,647
623,5/9/2020,Haryana,53282,48468,675
624,5/10/2020,Haryana,56983,51046,703
625,5/11/2020,Haryana,59735,53697,730
626,5/12/2020,Haryana,62377,56440,780
627,5/13/2020,Haryana,65785,59890,793
628,5/14/2020,Haryana,69191,63791,818
629,5/15/2020,Haryana,72326,66687,854
630,5/16/2020,Haryana,75097,69660,887
631,5/17/2020,Haryana,78029,72494,910
632,5/18/2020,Haryana,80698,75045,928
633,5/19/2020,Haryana,82544,77296,964
634,5/20/2020,Haryana,83944,78379,970
635,5/21/2020,Haryana,88138,82372,1031
636,5/22/2020,Haryana,91119,85317,1067
637,5/23/2020,Haryana,94035,88051,1131
638,5/24/2020,Haryana,97006,91138,1184
639,5/25/2020,Haryana,99987,94725,1213
640,5/26/2020,Haryana,102018,97350,1305
641,5/27/2020,Haryana,104747,99555,1381
642,5/28/2020,Haryana,108031,102260,1504
643,5/29/2020,Haryana,110940,105169,1721
644,5/30/2020,Haryana,114683,108385,1923
645,5/31/2020,Haryana,118138,11709,2091
646,6/1/2020,Haryana,121779,114792,2356
647,6/2/2020,Haryana,124564,117340,2652
648,6/3/2020,Haryana,127895,120393,2954
649,6/4/2020,Haryana,132575,124769,3281
650,6/5/2020,Haryana,137452,129027,3597
651,6/6/2020,Haryana,141688,132684,3952
652,6/7/2020,Haryana,145722,136555,4448
653,6/8/2020,Haryana,150220,140081,4854
654,6/9/2020,Haryana,153692,143513,5209
655,6/10/2020,Haryana,158470,147453,5438
656,4/10/2020,Himachal Pradesh,900,870,30
657,4/11/2020,Himachal Pradesh,900,870,30
658,4/12/2020,Himachal Pradesh,1113,944,32
659,4/13/2020,Himachal Pradesh,1210,1109,32
660,4/14/2020,Himachal Pradesh,1311,1232,32
661,4/15/2020,Himachal Pradesh,1426,1391,35
662,4/16/2020,Himachal Pradesh,1604,1559,35
663,4/17/2020,Himachal Pradesh,1992,1740,36
664,4/18/2020,Himachal Pradesh,2207,2091,39
665,4/19/2020,Himachal Pradesh,2553,2337,39
666,4/20/2020,Himachal Pradesh,2892,2714,39
667,4/21/2020,Himachal Pradesh,3341,2933,39
668,4/22/2020,Himachal Pradesh,3700,3510,39
669,4/23/2020,Himachal Pradesh,4020,3943,40
670,4/24/2020,Himachal Pradesh,4328,4160,40
671,4/25/2020,Himachal Pradesh,4623,4363,40
672,4/26/2020,Himachal Pradesh,4901,4794,40
673,4/27/2020,Himachal Pradesh,5106,5022,40
674,4/28/2020,Himachal Pradesh,5391,5344,40
675,4/29/2020,Himachal Pradesh,5772,5726,40
676,4/30/2020,Himachal Pradesh,6133,6091,40
677,5/1/2020,Himachal Pradesh,6472,6432,40
678,5/2/2020,Himachal Pradesh,6836,6791,40
679,5/3/2020,Himachal Pradesh,7185,7133,40
680,5/4/2020,Himachal Pradesh,7430,7320,41
681,5/5/2020,Himachal Pradesh,7893,7800,42
682,5/6/2020,Himachal Pradesh,8491,8055,43
683,5/7/2020,Himachal Pradesh,9005,8833,46
684,5/8/2020,Himachal Pradesh,9522,9434,50
685,5/9/2020,Himachal Pradesh,10208,10047,52
686,5/10/2020,Himachal Pradesh,10791,10343,55
687,5/11/2020,Himachal Pradesh,11267,11016,59
688,5/12/2020,Himachal Pradesh,12224,11846,66
689,5/13/2020,Himachal Pradesh,13190,12867,67
690,5/14/2020,Himachal Pradesh,14256,13307,70
691,5/15/2020,Himachal Pradesh,15557,15076,76
692,5/16/2020,Himachal Pradesh,16534,16079,78
693,5/17/2020,Himachal Pradesh,17417,17049,80
694,5/18/2020,Himachal Pradesh,18224,17946,90
695,5/19/2020,Himachal Pradesh,19645,18994,92
696,5/20/2020,Himachal Pradesh,21147,20449,110
697,5/21/2020,Himachal Pradesh,22641,21812,152
698,5/22/2020,Himachal Pradesh,24246,23307,168
699,5/23/2020,Himachal Pradesh,25905,24625,185
700,5/24/2020,Himachal Pradesh,27288,26524,203
701,5/25/2020,Himachal Pradesh,28346,27596,223
702,5/26/2020,Himachal Pradesh,29379,28989,247
703,5/27/2020,Himachal Pradesh,30852,30019,273
704,5/28/2020,Himachal Pradesh,32449,31655,281
705,5/29/2020,Himachal Pradesh,33979,33486,295
706,5/30/2020,Himachal Pradesh,35668,34933,313
707,5/31/2020,Himachal Pradesh,37168,36618,331
708,6/1/2020,Himachal Pradesh,37897,37233,340
709,6/2/2020,Himachal Pradesh,39620,38993,345
710,6/3/2020,Himachal Pradesh,41351,40621,359
711,6/4/2020,Himachal Pradesh,42703,42081,383
712,6/5/2020,Himachal Pradesh,43688,43149,393
713,6/6/2020,Himachal Pradesh,44509,43942,400
714,6/7/2020,Himachal Pradesh,45888,45254,411
715,6/8/2020,Himachal Pradesh,46416,45956,421
716,6/9/2020,Himachal Pradesh,47655,46541,437
717,6/10/2020,Himachal Pradesh,48922,48123,451
718,4/5/2020,Jammu and Kashmir,1551,1429,106
719,4/10/2020,Jammu and Kashmir,2961,2754,207
720,4/11/2020,Jammu and Kashmir,3206,2982,224
721,4/12/2020,Jammu and Kashmir,3600,3355,245
722,4/13/2020,Jammu and Kashmir,4065,3795,270
723,4/14/2020,Jammu and Kashmir,4619,4341,278
724,4/15/2020,Jammu and Kashmir,5171,4871,300
725,4/16/2020,Jammu and Kashmir,5680,5366,314
726,4/17/2020,Jammu and Kashmir,6438,6110,328
727,4/18/2020,Jammu and Kashmir,6937,6596,341
728,4/19/2020,Jammu and Kashmir,7895,7545,350
729,4/20/2020,Jammu and Kashmir,8612,8244,368
730,4/21/2020,Jammu and Kashmir,9220,8840,380
731,4/22/2020,Jammu and Kashmir,10039,9632,407
732,4/23/2020,Jammu and Kashmir,10977,10550,427
733,4/24/2020,Jammu and Kashmir,11764,11310,454
734,4/25/2020,Jammu and Kashmir,12835,12341,494
735,4/26/2020,Jammu and Kashmir,13959,13436,523
736,4/27/2020,Jammu and Kashmir,14988,14442,546
737,4/28/2020,Jammu and Kashmir,16619,16054,565
738,4/29/2020,Jammu and Kashmir,18450,17869,581
739,4/30/2020,Jammu and Kashmir,19746,19132,614
740,5/1/2020,Jammu and Kashmir,21695,21056,639
741,5/2/2020,Jammu and Kashmir,23406,22794,666
742,5/3/2020,Jammu and Kashmir,26038,25337,701
743,5/4/2020,Jammu and Kashmir,28199,27473,726
744,5/5/2020,Jammu and Kashmir,31312,30571,741
745,5/6/2020,Jammu and Kashmir,34277,33502,775
746,5/7/2020,Jammu and Kashmir,37706,36913,793
747,5/8/2020,Jammu and Kashmir,42427,41604,823
748,5/9/2020,Jammu and Kashmir,44753,43917,836
749,5/10/2020,Jammu and Kashmir,47080,46291,861
750,5/11/2020,Jammu and Kashmir,51334,50455,879
751,5/12/2020,Jammu and Kashmir,53726,52792,934
752,5/13/2020,Jammu and Kashmir,57111,56140,971
753,5/14/2020,Jammu and Kashmir,63515,62532,983
754,5/15/2020,Jammu and Kashmir,70306,69293,1013
755,5/16/2020,Jammu and Kashmir,76191,75070,1121
756,5/17/2020,Jammu and Kashmir,80934,79751,1183
757,5/18/2020,Jammu and Kashmir,88601,87312,1289
758,5/19/2020,Jammu and Kashmir,96826,95509,1317
759,5/20/2020,Jammu and Kashmir,101950,100560,1390
760,5/21/2020,Jammu and Kashmir,107108,105659,1449
761,5/22/2020,Jammu and Kashmir,114859,113370,1489
762,5/23/2020,Jammu and Kashmir,124074,122505,1569
763,5/24/2020,Jammu and Kashmir,130433,128812,1621
764,5/25/2020,Jammu and Kashmir,134188,132520,1668
765,5/26/2020,Jammu and Kashmir,140962,139203,1759
766,5/27/2020,Jammu and Kashmir,145162,143241,1921
767,5/28/2020,Jammu and Kashmir,153522,151486,2036
768,5/29/2020,Jammu and Kashmir,158729,156565,2164
769,5/30/2020,Jammu and Kashmir,164581,162240,2341
770,5/31/2020,Jammu and Kashmir,171045,168599,2446
771,6/1/2020,Jammu and Kashmir,176309,173708,2601
772,6/2/2020,Jammu and Kashmir,183067,180349,2718
773,6/3/2020,Jammu and Kashmir,189364,186507,2857
774,6/4/2020,Jammu and Kashmir,195677,192535,3142
775,6/5/2020,Jammu and Kashmir,202257,198933,3324
776,6/6/2020,Jammu and Kashmir,211880,208413,3467
777,6/7/2020,Jammu and Kashmir,218481,214394,4087
778,6/8/2020,Jammu and Kashmir,227906,223621,4285
779,6/9/2020,Jammu and Kashmir,235816,231470,4346
780,6/10/2020,Jammu and Kashmir,241891,237384,4507
781,4/10/2020,Jharkhand,1340,1326,14
782,4/11/2020,Jharkhand,1546,1529,17
783,4/12/2020,Jharkhand,1683,1666,17
784,4/13/2020,Jharkhand,1982,1963,19
785,4/14/2020,Jharkhand,2334,2307,27
786,4/17/2020,Jharkhand,3143,3111,32
787,4/18/2020,Jharkhand,3431,3398,33
788,4/19/2020,Jharkhand,3646,3608,38
789,4/20/2020,Jharkhand,4235,4190,45
790,4/22/2020,Jharkhand,5176,5127,49
791,4/23/2020,Jharkhand,5380,5327,53
792,4/24/2020,Jharkhand,6162,6105,57
793,4/25/2020,Jharkhand,6970,6903,67
794,4/26/2020,Jharkhand,7806,7724,82
795,4/27/2020,Jharkhand,8757,8654,103
796,4/28/2020,Jharkhand,9408,9303,105
797,4/29/2020,Jharkhand,10268,10161,107
798,4/30/2020,Jharkhand,10987,10878,109
799,5/1/2020,Jharkhand,11771,11658,113
800,5/2/2020,Jharkhand,12393,12278,115
801,5/3/2020,Jharkhand,13055,12940,115
802,5/4/2020,Jharkhand,13832,13717,115
803,5/5/2020,Jharkhand,15064,14939,125
804,5/6/2020,Jharkhand,15908,15799,127
805,5/7/2020,Jharkhand,17101,16969,132
806,5/8/2020,Jharkhand,17219,17087,132
807,5/9/2020,Jharkhand,18632,18478,154
808,5/10/2020,Jharkhand,20832,20675,157
809,5/11/2020,Jharkhand,21201,21041,160
810,5/12/2020,Jharkhand,22815,22651,164
811,5/13/2020,Jharkhand,25769,25592,177
812,5/14/2020,Jharkhand,27789,27592,197
813,5/15/2020,Jharkhand,29236,29025,211
814,5/16/2020,Jharkhand,31025,30808,217
815,5/17/2020,Jharkhand,33220,32997,223
816,5/18/2020,Jharkhand,35359,35131,228
817,5/19/2020,Jharkhand,37589,37341,248
818,5/20/2020,Jharkhand,39402,39121,281
819,5/21/2020,Jharkhand,41936,41633,303
820,5/22/2020,Jharkhand,43988,43665,323
821,5/23/2020,Jharkhand,45785,45435,350
822,5/24/2020,Jharkhand,48641,48271,370
823,5/25/2020,Jharkhand,50709,50304,405
824,5/26/2020,Jharkhand,53309,52883,426
825,5/27/2020,Jharkhand,55427,54969,458
826,5/28/2020,Jharkhand,57250,56781,469
827,5/29/2020,Jharkhand,59452,58931,521
828,5/30/2020,Jharkhand,62916,62353,563
829,5/31/2020,Jharkhand,65886,65256,610
830,6/1/2020,Jharkhand,69187,68526,661
831,6/2/2020,Jharkhand,71296,70584,712
832,6/3/2020,Jharkhand,74499,73735,764
833,6/4/2020,Jharkhand,77641,76814,827
834,6/5/2020,Jharkhand,80097,79175,922
835,6/6/2020,Jharkhand,84444,83416,1028
836,6/7/2020,Jharkhand,87721,86618,1103
837,6/8/2020,Jharkhand,92325,91035,1290
838,6/9/2020,Jharkhand,95099,93683,1416
839,6/10/2020,Jharkhand,95500,94077,1423
840,4/3/2020,Karnataka,4587,4281,128
841,4/7/2020,Karnataka,6580,5942,175
842,4/8/2020,Karnataka,6967,6473,181
843,4/9/2020,Karnataka,7613,7176,197
844,4/10/2020,Karnataka,7975,7673,207
845,4/11/2020,Karnataka,8560,8231,215
846,4/12/2020,Karnataka,9251,8831,232
847,4/13/2020,Karnataka,10017,9572,247
848,4/14/2020,Karnataka,11107,10554,260
849,4/15/2020,Karnataka,12483,11905,279
850,4/16/2020,Karnataka,13724,13074,315
851,4/17/2020,Karnataka,17594,14606,359
852,4/18/2020,Karnataka,19186,15658,384
853,4/19/2020,Karnataka,21367,17662,390
854,4/20/2020,Karnataka,23460,19497,408
855,4/21/2020,Karnataka,26233,22222,418
856,4/22/2020,Karnataka,29512,25424,427
857,4/23/2020,Karnataka,32122,28174,445
858,4/24/2020,Karnataka,35958,31914,474
859,4/25/2020,Karnataka,39083,34888,500
860,4/26/2020,Karnataka,42964,38207,503
861,4/27/2020,Karnataka,45685,43791,512
862,4/28/2020,Karnataka,50512,48508,523
863,4/29/2020,Karnataka,55404,53241,535
864,4/30/2020,Karnataka,60156,57548,565
865,5/1/2020,Karnataka,64898,61855,589
866,5/2/2020,Karnataka,69730,66475,601
867,5/3/2020,Karnataka,74898,70998,614
868,5/4/2020,Karnataka,79193,74664,651
869,5/5/2020,Karnataka,83806,78860,673
870,5/6/2020,Karnataka,88777,83056,693
871,5/7/2020,Karnataka,93535,87756,705
872,5/8/2020,Karnataka,98081,92237,753
873,5/9/2020,Karnataka,103098,97326,794
874,5/10/2020,Karnataka,107311,102266,848
875,5/11/2020,Karnataka,111595,106467,862
876,5/12/2020,Karnataka,116533,111264,925
877,5/13/2020,Karnataka,121178,119420,959
878,5/14/2020,Karnataka,128373,126766,987
879,5/15/2020,Karnataka,133724,132074,1056
880,5/16/2020,Karnataka,140024,138216,1092
881,5/17/2020,Karnataka,145398,143444,1147
882,5/18/2020,Karnataka,151663,149566,1246
883,5/19/2020,Karnataka,158599,156247,1395
884,5/20/2020,Karnataka,166781,164199,1462
885,5/21/2020,Karnataka,174297,171484,1605
886,5/22/2020,Karnataka,186526,183088,1743
887,5/23/2020,Karnataka,196196,192127,1959
888,5/24/2020,Karnataka,206313,201978,2089
889,5/25/2020,Karnataka,219894,215308,2182
890,5/26/2020,Karnataka,228914,223477,2283
891,5/27/2020,Karnataka,241608,235876,2418
892,5/28/2020,Karnataka,252078,246115,2533
893,5/29/2020,Karnataka,264489,258130,2781
894,5/30/2020,Karnataka,280217,273404,2922
895,5/31/2020,Karnataka,293575,286245,3221
896,6/1/2020,Karnataka,304816,297052,3408
897,6/2/2020,Karnataka,319628,310967,3796
898,6/3/2020,Karnataka,334825,325686,4063
899,6/4/2020,Karnataka,347093,337154,4320
900,6/5/2020,Karnataka,360720,349951,4835
901,6/6/2020,Karnataka,372582,361382,5213
902,6/7/2020,Karnataka,384442,372399,5452
903,6/8/2020,Karnataka,393221,380630,5760
904,6/9/2020,Karnataka,400257,387027,5921
905,6/10/2020,Karnataka,408506,394603,6041
906,4/1/2020,Kerala,7965,7256,265
907,4/2/2020,Kerala,8456,7622,286
908,4/3/2020,Kerala,9139,8126,295
909,4/4/2020,Kerala,9744,8586,306
910,4/5/2020,Kerala,10221,9300,314
911,4/6/2020,Kerala,10716,9607,327
912,4/7/2020,Kerala,11232,10250,336
913,4/8/2020,Kerala,11986,10906,354
914,4/9/2020,Kerala,12710,11469,357
915,4/10/2020,Kerala,13339,12335,364
916,4/11/2020,Kerala,14163,12818,373
917,4/12/2020,Kerala,14989,13802,375
918,4/13/2020,Kerala,15683,14829,378
919,4/14/2020,Kerala,16235,15488,386
920,4/15/2020,Kerala,16475,16002,387
921,4/16/2020,Kerala,17400,16459,394
922,4/17/2020,Kerala,18029,17279,395
923,4/18/2020,Kerala,18774,17763,399
924,4/19/2020,Kerala,19351,18547,401
925,4/20/2020,Kerala,19756,19074,408
926,4/21/2020,Kerala,20252,19442,426
927,4/22/2020,Kerala,20821,19998,437
928,4/23/2020,Kerala,21334,20326,447
929,4/24/2020,Kerala,21940,20830,450
930,4/25/2020,Kerala,22360,21475,457
931,4/26/2020,Kerala,22954,21997,468
932,4/27/2020,Kerala,24146,23148,481
933,4/28/2020,Kerala,24855,24078,485
934,4/29/2020,Kerala,25827,24681,495
935,4/30/2020,Kerala,27481,26032,497
936,5/1/2020,Kerala,29012,27224,497
937,5/2/2020,Kerala,33276,31592,499
938,5/3/2020,Kerala,34608,33294,499
939,5/4/2020,Kerala,35441,34161,499
940,5/5/2020,Kerala,36312,35244,502
941,5/6/2020,Kerala,37546,36210,502
942,5/7/2020,Kerala,38206,36856,502
943,5/8/2020,Kerala,39266,38294,503
944,5/9/2020,Kerala,40123,39233,505
945,5/10/2020,Kerala,41279,40155,512
946,5/11/2020,Kerala,41700,40889,512
947,5/12/2020,Kerala,42461,41621,524
948,5/13/2020,Kerala,43648,42574,534
949,5/14/2020,Kerala,45039,43868,560
950,5/15/2020,Kerala,46831,45063,576
951,5/16/2020,Kerala,48433,46458,587
952,5/17/2020,Kerala,50036,47964,601
953,5/18/2020,Kerala,51059,49763,630
954,5/19/2020,Kerala,52588,50867,642
955,5/20/2020,Kerala,54633,52689,666
956,5/21/2020,Kerala,56373,54541,690
957,5/22/2020,Kerala,58382,56165,733
958,5/23/2020,Kerala,60443,58192,795
959,5/24/2020,Kerala,61900,59943,848
960,5/25/2020,Kerala,63009,61698,897
961,5/26/2020,Kerala,65303,63010,964
962,5/27/2020,Kerala,67961,65099,1004
963,5/28/2020,Kerala,70622,67677,1089
964,5/29/2020,Kerala,74214,71083,1151
965,5/30/2020,Kerala,77257,73775,1209
966,5/31/2020,Kerala,77508,75697,1270
967,6/1/2020,Kerala,82449,78310,1327
968,6/2/2020,Kerala,86169,81157,1413
969,6/3/2020,Kerala,95348,84870,1495
970,6/4/2020,Kerala,99692,87403,1589
971,6/5/2020,Kerala,104045,92818,1700
972,6/6/2020,Kerala,107796,97114,1808
973,6/7/2020,Kerala,111930,100319,1915
974,6/8/2020,Kerala,113956,103472,2006
975,6/9/2020,Kerala,126088,111892,2097
976,6/10/2020,Kerala,131006,116425,2162
977,4/13/2020,Ladakh,618,,17
978,4/14/2020,Ladakh,760,615,17
979,4/15/2020,Ladakh,820,657,18
980,4/16/2020,Ladakh,917,695,18
981,4/19/2020,Ladakh,991,797,18
982,4/21/2020,Ladakh,1137,896,18
983,4/29/2020,Ladakh,1949,1299,22
984,4/30/2020,Ladakh,2245,1384,22
985,5/1/2020,Ladakh,2430,1545,22
986,5/2/2020,Ladakh,2434,1618,23
987,5/3/2020,Ladakh,2434,1674,41
988,5/4/2020,Ladakh,2639,1879,41
989,5/9/2020,Ladakh,3503,2948,42
990,5/13/2020,Ladakh,3683,3353,43
991,5/16/2020,Ladakh,4067,3571,43
992,5/18/2020,Ladakh,4219,3791,43
993,5/19/2020,Ladakh,4730,3935,43
994,5/21/2020,Ladakh,5291,4081,44
995,5/22/2020,Ladakh,5505,4173,44
996,5/23/2020,Ladakh,5727,4505,49
997,5/24/2020,Ladakh,5730,4733,52
998,5/25/2020,Ladakh,5896,4894,53
999,5/30/2020,Ladakh,7354,6145,74
1000,5/31/2020,Ladakh,7354,6167,77
1001,6/2/2020,Ladakh,8310,6465,81
1002,6/5/2020,Ladakh,9754,7204,97
1003,6/6/2020,Ladakh,10164,7214,99
1004,6/9/2020,Ladakh,10249,7888,108
1005,4/5/2020,Madhya Pradesh,2812,1954,193
1006,4/7/2020,Madhya Pradesh,3770,3125,290
1007,4/8/2020,Madhya Pradesh,4056,3443,341
1008,4/9/2020,Madhya Pradesh,5135,3989,411
1009,4/10/2020,Madhya Pradesh,7049,4840,451
1010,4/11/2020,Madhya Pradesh,8516,5790,529
1011,4/12/2020,Madhya Pradesh,10481,6875,562
1012,4/13/2020,Madhya Pradesh,10481,6875,614
1013,4/14/2020,Madhya Pradesh,8105,7103,741
1014,4/15/2020,Madhya Pradesh,9596,8658,938
1015,4/16/2020,Madhya Pradesh,13492,12326,1164
1016,4/17/2020,Madhya Pradesh,15302,13992,1310
1017,4/18/2020,Madhya Pradesh,14978,13576,1402
1018,4/19/2020,Madhya Pradesh,17835,16428,1407
1019,4/20/2020,Madhya Pradesh,19142,17657,1485
1020,4/21/2020,Madhya Pradesh,20905,19353,1552
1021,4/22/2020,Madhya Pradesh,22664,21077,1587
1022,4/23/2020,Madhya Pradesh,24548,22861,1687
1023,4/24/2020,Madhya Pradesh,26233,24387,1846
1024,4/25/2020,Madhya Pradesh,27866,25921,1945
1025,4/26/2020,Madhya Pradesh,25232,21716,2090
1026,4/27/2020,Madhya Pradesh,27009,23500,2165
1027,4/28/2020,Madhya Pradesh,31060,26159,2387
1028,4/29/2020,Madhya Pradesh,33837,29261,2560
1029,4/30/2020,Madhya Pradesh,41712,29816,2625
1030,5/1/2020,Madhya Pradesh,44116,39353,2715
1031,5/2/2020,Madhya Pradesh,46578,41460,2788
1032,5/3/2020,Madhya Pradesh,49186,43937,2837
1033,5/4/2020,Madhya Pradesh,52095,46634,2942
1034,5/5/2020,Madhya Pradesh,54595,48931,3049
1035,5/6/2020,Madhya Pradesh,54595,51479,3138
1036,5/7/2020,Madhya Pradesh,61020,55002,3252
1037,5/8/2020,Madhya Pradesh,63705,57528,3341
1038,5/9/2020,Madhya Pradesh,68010,61629,3457
1039,5/10/2020,Madhya Pradesh,72069,65436,3614
1040,5/11/2020,Madhya Pradesh,76039,69187,3785
1041,5/12/2020,Madhya Pradesh,80885,73761,3986
1042,5/13/2020,Madhya Pradesh,85903,77738,4173
1043,5/14/2020,Madhya Pradesh,89760,82028,4426
1044,5/15/2020,Madhya Pradesh,93849,85879,4595
1045,5/16/2020,Madhya Pradesh,99677,91393,4790
1046,5/17/2020,Madhya Pradesh,103898,95355,4977
1047,5/18/2020,Madhya Pradesh,112168,100469,5236
1048,5/19/2020,Madhya Pradesh,116473,104348,5465
1049,5/20/2020,Madhya Pradesh,120737,108744,5735
1050,5/21/2020,Madhya Pradesh,125608,112947,5981
1051,5/22/2020,Madhya Pradesh,129060,116835,6170
1052,5/23/2020,Madhya Pradesh,132769,121033,6371
1053,5/24/2020,Madhya Pradesh,135889,124549,6665
1054,5/25/2020,Madhya Pradesh,138584,128267,6859
1055,5/26/2020,Madhya Pradesh,141508,131415,7024
1056,5/27/2020,Madhya Pradesh,146144,134774,7261
1057,5/28/2020,Madhya Pradesh,151182,138387,7453
1058,5/29/2020,Madhya Pradesh,155436,142383,7645
1059,5/30/2020,Madhya Pradesh,161552,146616,7891
1060,5/31/2020,Madhya Pradesh,167808,151793,8089
1061,6/1/2020,Madhya Pradesh,172019,157790,8283
1062,6/2/2020,Madhya Pradesh,177481,163100,8420
1063,6/3/2020,Madhya Pradesh,183662,168219,8588
1064,6/4/2020,Madhya Pradesh,189252,173392,8762
1065,6/5/2020,Madhya Pradesh,195249,179234,8996
1066,6/6/2020,Madhya Pradesh,200913,184202,9228
1067,6/7/2020,Madhya Pradesh,208514,190155,9401
1068,6/8/2020,Madhya Pradesh,215194,196497,9638
1069,6/9/2020,Madhya Pradesh,220936,203131,9849
1070,6/10/2020,Madhya Pradesh,228042,210081,10049
1071,4/5/2020,Maharashtra,16008,14837,
1072,4/6/2020,Maharashtra,17563,15808,868
1073,4/7/2020,Maharashtra,20877,19290,1018
1074,4/9/2020,Maharashtra,20877,19290,868
1075,4/10/2020,Maharashtra,30000,28865,1135
1076,4/11/2020,Maharashtra,31841,30477,1761
1077,4/12/2020,Maharashtra,35668,34094,1761
1078,4/13/2020,Maharashtra,39725,37964,1996
1079,4/14/2020,Maharashtra,41071,39089,2340
1080,4/15/2020,Maharashtra,45142,42808,2690
1081,4/16/2020,Maharashtra,50882,48198,2916
1082,4/17/2020,Maharashtra,55678,52762,3204
1083,4/18/2020,Maharashtra,60166,56964,3323
1084,4/19/2020,Maharashtra,66796,63476,3651
1085,4/20/2020,Maharashtra,71321,67673,4204
1086,4/21/2020,Maharashtra,75838,71638,4676
1087,4/22/2020,Maharashtra,82304,77638,5229
1088,4/23/2020,Maharashtra,89197,83979,5218
1089,4/24/2020,Maharashtra,95210,89561,6427
1090,4/25/2020,Maharashtra,100912,94485,6817
1091,4/26/2020,Maharashtra,107979,101162,7928
1092,4/27/2020,Maharashtra,115147,107519,8068
1093,4/28/2020,Maharashtra,120620,112552,8590
1094,4/29/2020,Maharashtra,128726,120136,9318
1095,4/30/2020,Maharashtra,135694,126376,9915
1096,5/1/2020,Maharashtra,144159,134244,10498
1097,5/2/2020,Maharashtra,151085,140587,11506
1098,5/3/2020,Maharashtra,159754,148248,12296
1099,5/4/2020,Maharashtra,168374,156078,12974
1100,5/5/2020,Maharashtra,175323,162349,14541
1101,5/6/2020,Maharashtra,181746,167205,15525
1102,5/7/2020,Maharashtra,189220,173838,16758
1103,5/8/2020,Maharashtra,200477,183862,17974
1104,5/9/2020,Maharashtra,210174,192197,19063
1105,5/10/2020,Maharashtra,225524,206481,20228
1106,5/11/2020,Maharashtra,218914,193457,23401
1107,5/12/2020,Maharashtra,222284,196165,23401
1108,5/13/2020,Maharashtra,231061,203536,24427
1109,5/14/2020,Maharashtra,240482,211082,25922
1110,5/15/2020,Maharashtra,250898,219635,27524
1111,5/16/2020,Maharashtra,261815,228956,29100
1112,5/17/2020,Maharashtra,274040,238476,30706
1113,5/18/2020,Maharashtra,282437,245512,33053
1114,5/19/2020,Maharashtra,294272,255065,35058
1115,5/20/2020,Maharashtra,307535,265872,37136
1116,5/21/2020,Maharashtra,319921,276369,39297
1117,5/22/2020,Maharashtra,333087,286157,41642
1118,5/23/2020,Maharashtra,348932,299107,44582
1119,5/24/2020,Maharashtra,363470,310565,47190
1120,5/25/2020,Maharashtra,379185,323937,50231
1121,5/26/2020,Maharashtra,390757,333468,52667
1122,5/27/2020,Maharashtra,405020,345151,54758
1123,5/28/2020,Maharashtra,420473,358253,56948
1124,5/29/2020,Maharashtra,434565,369442,59546
1125,5/30/2020,Maharashtra,448661,380425,62228
1126,5/31/2020,Maharashtra,463177,392516,65168
1127,6/1/2020,Maharashtra,472344,399419,67655
1128,6/2/2020,Maharashtra,484784,409178,70013
1129,6/3/2020,Maharashtra,498577,420644,72300
1130,6/4/2020,Maharashtra,511136,430100,74860
1131,6/5/2020,Maharashtra,524002,440445,77793
1132,6/6/2020,Maharashtra,538009,451764,80229
1133,6/7/2020,Maharashtra,553063,463723,82968
1134,6/8/2020,Maharashtra,565290,473588,85975
1135,6/9/2020,Maharashtra,579294,485144,88528
1136,6/10/2020,Maharashtra,595282,497990,90787
1137,4/14/2020,Manipur,276,,2
1138,4/17/2020,Manipur,311,,2
1139,4/24/2020,Manipur,402,,2
1140,4/25/2020,Manipur,416,,2
1141,4/30/2020,Manipur,459,,2
1142,5/1/2020,Manipur,461,,2
1143,5/2/2020,Manipur,468,,2
1144,5/4/2020,Manipur,571,,2
1145,5/7/2020,Manipur,684,,2
1146,5/8/2020,Manipur,756,,2
1147,5/9/2020,Manipur,865,,2
1148,5/10/2020,Manipur,1096,,2
1149,5/11/2020,Manipur,1337,,2
1150,5/13/2020,Manipur,1706,,2
1151,5/15/2020,Manipur,1799,,3
1152,5/16/2020,Manipur,1900,,4
1153,5/18/2020,Manipur,2483,,7
1154,5/20/2020,Manipur,3087,,20
1155,5/22/2020,Manipur,3721,,26
1156,5/23/2020,Manipur,4094,,29
1157,5/25/2020,Manipur,5041,,36
1158,5/26/2020,Manipur,6233,,39
1159,5/27/2020,Manipur,6836,,44
1160,5/28/2020,Manipur,7758,,55
1161,5/29/2020,Manipur,8596,,59
1162,6/3/2020,Manipur,12454,,118
1163,6/5/2020,Manipur,14629,,132
1164,6/7/2020,Manipur,17028,,172
1165,6/9/2020,Manipur,18612,,304
1166,6/10/2020,Manipur,19756,,311
1167,4/16/2020,Meghalaya,552,299,7
1168,4/17/2020,Meghalaya,617,541,9
1169,4/18/2020,Meghalaya,738,667,11
1170,4/19/2020,Meghalaya,766,678,11
1171,4/20/2020,Meghalaya,838,714,11
1172,4/21/2020,Meghalaya,933,821,12
1173,4/22/2020,Meghalaya,1046,904,12
1174,4/23/2020,Meghalaya,1109,1000,12
1175,4/24/2020,Meghalaya,1130,1048,12
1176,4/25/2020,Meghalaya,1169,1097,12
1177,4/27/2020,Meghalaya,1254,1182,12
1178,4/28/2020,Meghalaya,1382,1202,12
1179,4/29/2020,Meghalaya,1397,1288,12
1180,4/30/2020,Meghalaya,1595,1433,12
1181,5/2/2020,Meghalaya,1707,1655,12
1182,5/4/2020,Meghalaya,1884,1782,12
1183,5/5/2020,Meghalaya,1944,1822,12
1184,5/7/2020,Meghalaya,2054,1967,12
1185,5/9/2020,Meghalaya,2287,2178,12
1186,5/10/2020,Meghalaya,2287,2178,13
1187,5/11/2020,Meghalaya,2480,2342,13
1188,5/15/2020,Meghalaya,2712,2597,13
1189,5/18/2020,Meghalaya,2896,,13
1190,5/19/2020,Meghalaya,3104,,13
1191,5/20/2020,Meghalaya,3419,,13
1192,5/22/2020,Meghalaya,3682,,14
1193,5/26/2020,Meghalaya,6553,5599,15
1194,5/27/2020,Meghalaya,6685,,20
1195,5/31/2020,Meghalaya,7781,,27
1196,6/1/2020,Meghalaya,8127,,27
1197,6/2/2020,Meghalaya,8734,,28
1198,6/3/2020,Meghalaya,9025,,28
1199,6/4/2020,Meghalaya,9395,,31
1200,6/5/2020,Meghalaya,9592,,31
1201,6/6/2020,Meghalaya,10066,,33
1202,6/7/2020,Meghalaya,10066,,33
1203,6/8/2020,Meghalaya,10746,,36
1204,6/9/2020,Meghalaya,11247,,40
1205,6/10/2020,Meghalaya,11505,,44
1206,4/6/2020,Mizoram,58,0,1
1207,4/7/2020,Mizoram,58,0,1
1208,4/8/2020,Mizoram,74,,1
1209,4/9/2020,Mizoram,84,,1
1210,4/12/2020,Mizoram,87,,1
1211,4/13/2020,Mizoram,89,,1
1212,4/14/2020,Mizoram,91,,1
1213,4/15/2020,Mizoram,94,,1
1214,4/16/2020,Mizoram,94,,1
1215,4/18/2020,Mizoram,102,,1
1216,4/19/2020,Mizoram,116,,1
1217,4/20/2020,Mizoram,132,,1
1218,4/21/2020,Mizoram,135,,1
1219,4/22/2020,Mizoram,135,,1
1220,4/23/2020,Mizoram,137,,1
1221,4/26/2020,Mizoram,146,,1
1222,4/27/2020,Mizoram,146,,1
1223,4/28/2020,Mizoram,158,,1
1224,4/29/2020,Mizoram,179,,1
1225,4/30/2020,Mizoram,180,,1
1226,5/1/2020,Mizoram,180,,1
1227,5/2/2020,Mizoram,183,,1
1228,5/3/2020,Mizoram,183,,1
1229,5/4/2020,Mizoram,183,,1
1230,5/5/2020,Mizoram,188,,1
1231,5/6/2020,Mizoram,195,,1
1232,5/7/2020,Mizoram,197,,1
1233,5/8/2020,Mizoram,199,,1
1234,5/9/2020,Mizoram,201,,1
1235,5/10/2020,Mizoram,201,,1
1236,5/11/2020,Mizoram,206,,1
1237,5/12/2020,Mizoram,224,,1
1238,5/13/2020,Mizoram,224,,1
1239,5/14/2020,Mizoram,273,,1
1240,5/15/2020,Mizoram,273,,1
1241,5/16/2020,Mizoram,282,,1
1242,5/17/2020,Mizoram,282,,1
1243,5/18/2020,Mizoram,301,,1
1244,5/19/2020,Mizoram,313,,1
1245,5/20/2020,Mizoram,315,,1
1246,5/21/2020,Mizoram,320,,1
1247,5/22/2020,Mizoram,324,,1
1248,5/23/2020,Mizoram,336,,1
1249,5/24/2020,Mizoram,342,,1
1250,5/25/2020,Mizoram,359,,1
1251,5/26/2020,Mizoram,438,,1
1252,5/28/2020,Mizoram,516,,1
1253,5/29/2020,Mizoram,529,,1
1254,5/30/2020,Mizoram,686,,1
1255,5/31/2020,Mizoram,777,,1
1256,6/1/2020,Mizoram,896,,1
1257,6/2/2020,Mizoram,1012,,13
1258,6/3/2020,Mizoram,1095,,14
1259,6/4/2020,Mizoram,1346,,17
1260,6/5/2020,Mizoram,1687,,22
1261,6/6/2020,Mizoram,1991,,24
1262,6/7/2020,Mizoram,2252,,34
1263,6/8/2020,Mizoram,2496,,42
1264,6/9/2020,Mizoram,2747,,88
1265,4/6/2020,Nagaland,60,47,0
1266,4/10/2020,Nagaland,70,69,0
1267,4/11/2020,Nagaland,70,70,0
1268,4/12/2020,Nagaland,74,70,0
1269,4/14/2020,Nagaland,174,97,0
1270,4/15/2020,Nagaland,184,174,0
1271,4/17/2020,Nagaland,274,222,0
1272,4/18/2020,Nagaland,392,292,0
1273,4/19/2020,Nagaland,404,345,0
1274,4/20/2020,Nagaland,434,404,0
1275,4/21/2020,Nagaland,537,456,0
1276,4/22/2020,Nagaland,543,481,0
1277,4/23/2020,Nagaland,607,543,0
1278,4/25/2020,Nagaland,613,607,0
1279,4/26/2020,Nagaland,613,613,0
1280,4/27/2020,Nagaland,629,613,0
1281,4/28/2020,Nagaland,639,620,0
1282,4/29/2020,Nagaland,644,631,0
1283,4/30/2020,Nagaland,653,640,0
1284,5/1/2020,Nagaland,664,650,0
1285,5/2/2020,Nagaland,674,661,0
1286,5/3/2020,Nagaland,684,663,0
1287,5/4/2020,Nagaland,708,679,0
1288,5/5/2020,Nagaland,724,771,0
1289,5/6/2020,Nagaland,763,712,0
1290,5/7/2020,Nagaland,786,728,0
1291,5/8/2020,Nagaland,805,775,0
1292,5/9/2020,Nagaland,848,786,0
1293,5/10/2020,Nagaland,862,806,0
1294,5/11/2020,Nagaland,875,848,0
1295,5/12/2020,Nagaland,882,872,0
1296,5/13/2020,Nagaland,889,872,0
1297,5/14/2020,Nagaland,891,873,0
1298,5/15/2020,Nagaland,910,889,0
1299,5/16/2020,Nagaland,917,891,0
1300,5/17/2020,Nagaland,952,914,0
1301,5/18/2020,Nagaland,961,914,0
1302,5/19/2020,Nagaland,978,948,0
1303,5/20/2020,Nagaland,985,952,0
1304,5/21/2020,Nagaland,1001,978,0
1305,5/22/2020,Nagaland,1035,1012,0
1306,5/23/2020,Nagaland,1065,1015,0
1307,5/24/2020,Nagaland,1097,1032,0
1308,5/25/2020,Nagaland,1366,1078,3
1309,5/26/2020,Nagaland,1366,1080,4
1310,5/27/2020,Nagaland,1554,1224,9
1311,5/28/2020,Nagaland,1765,1317,18
1312,5/29/2020,Nagaland,1997,1409,25
1313,5/30/2020,Nagaland,2210,1496,36
1314,5/31/2020,Nagaland,2576,1596,43
1315,6/1/2020,Nagaland,2870,1744,43
1316,6/2/2020,Nagaland,3257,1836,49
1317,6/3/2020,Nagaland,3414,2002,58
1318,6/4/2020,Nagaland,3739,2151,80
1319,6/5/2020,Nagaland,3974,2372,94
1320,6/6/2020,Nagaland,4061,2614,107
1321,6/7/2020,Nagaland,4371,2956,118
1322,6/8/2020,Nagaland,4729,3176,123
1323,6/9/2020,Nagaland,4896,3512,127
1324,6/10/2020,Nagaland,5220,3867,128
1325,4/3/2020,Odisha,1395,1108,20
1326,4/7/2020,Odisha,2441,,42
1327,4/8/2020,Odisha,2441,2399,42
1328,4/9/2020,Odisha,3249,3201,48
1329,4/10/2020,Odisha,3547,3497,50
1330,4/11/2020,Odisha,3551,3497,51
1331,4/12/2020,Odisha,3862,3808,54
1332,4/13/2020,Odisha,4170,4116,54
1333,4/14/2020,Odisha,4734,4678,56
1334,4/15/2020,Odisha,5537,5477,60
1335,4/16/2020,Odisha,6734,6674,60
1336,4/17/2020,Odisha,7577,7517,60
1337,4/18/2020,Odisha,8619,8559,60
1338,4/19/2020,Odisha,9690,9629,61
1339,4/20/2020,Odisha,10641,,68
1340,4/21/2020,Odisha,11748,,79
1341,4/22/2020,Odisha,13775,,83
1342,4/23/2020,Odisha,15984,,89
1343,4/24/2020,Odisha,18458,,94
1344,4/25/2020,Odisha,20599,,94
1345,4/26/2020,Odisha,22816,,103
1346,4/27/2020,Odisha,25103,,111
1347,4/28/2020,Odisha,26687,,118
1348,4/29/2020,Odisha,29108,,122
1349,4/30/2020,Odisha,31696,,142
1350,5/1/2020,Odisha,34133,,149
1351,5/2/2020,Odisha,36593,,157
1352,5/3/2020,Odisha,38658,,162
1353,5/4/2020,Odisha,41128,,169
1354,5/5/2020,Odisha,44663,,170
1355,5/6/2020,Odisha,47454,,185
1356,5/7/2020,Odisha,50514,,209
1357,5/8/2020,Odisha,52974,,271
1358,5/9/2020,Odisha,56322,,294
1359,5/10/2020,Odisha,59780,,362
1360,5/11/2020,Odisha,63478,,414
1361,5/12/2020,Odisha,68057,,437
1362,5/13/2020,Odisha,72756,,538
1363,5/14/2020,Odisha,77150,,611
1364,5/15/2020,Odisha,81919,,672
1365,5/16/2020,Odisha,86140,,737
1366,5/17/2020,Odisha,91223,,828
1367,5/18/2020,Odisha,95766,,876
1368,5/19/2020,Odisha,100302,,978
1369,5/20/2020,Odisha,105914,,1052
1370,5/21/2020,Odisha,108432,,1103
1371,5/22/2020,Odisha,113437,,1189
1372,5/23/2020,Odisha,118446,,1269
1373,5/24/2020,Odisha,123834,,1335
1374,5/25/2020,Odisha,127776,,1438
1375,5/26/2020,Odisha,131595,,1517
1376,5/27/2020,Odisha,136274,,1593
1377,5/28/2020,Odisha,139311,,1660
1378,5/29/2020,Odisha,143570,,1723
1379,5/30/2020,Odisha,147490,,1819
1380,5/31/2020,Odisha,152131,,1948
1381,6/1/2020,Odisha,155690,,2104
1382,6/2/2020,Odisha,159567,,2245
1383,6/3/2020,Odisha,162891,,2388
1384,6/4/2020,Odisha,165824,,2478
1385,6/5/2020,Odisha,169010,,2608
1386,6/6/2020,Odisha,172598,,2781
1387,6/7/2020,Odisha,176098,,2856
1388,6/8/2020,Odisha,179415,,2994
1389,6/9/2020,Odisha,182384,,3140
1390,6/10/2020,Odisha,185401,,3250
1391,4/18/2020,Puducherry,1207,1159,7
1392,4/19/2020,Puducherry,1245,1214,7
1393,4/20/2020,Puducherry,1272,1232,7
1394,4/21/2020,Puducherry,1319,1272,7
1395,4/22/2020,Puducherry,1473,1354,7
1396,4/23/2020,Puducherry,1548,1513,7
1397,4/24/2020,Puducherry,1704,1657,7
1398,4/25/2020,Puducherry,1864,1793,8
1399,4/26/2020,Puducherry,1977,1902,8
1400,4/27/2020,Puducherry,2014,1942,8
1401,4/28/2020,Puducherry,2156,2099,8
1402,4/29/2020,Puducherry,2228,2150,8
1403,4/30/2020,Puducherry,2353,2292,8
1404,5/1/2020,Puducherry,2698,2583,9
1405,5/2/2020,Puducherry,2990,2902,12
1406,5/3/2020,Puducherry,3155,3097,12
1407,5/4/2020,Puducherry,3281,3220,12
1408,5/5/2020,Puducherry,3560,3444,12
1409,5/6/2020,Puducherry,3641,3554,12
1410,5/7/2020,Puducherry,3866,3766,13
1411,5/8/2020,Puducherry,4111,3866,15
1412,5/9/2020,Puducherry,4266,4028,16
1413,5/10/2020,Puducherry,4364,4273,17
1414,5/11/2020,Puducherry,4486,4416,17
1415,5/13/2020,Puducherry,4919,4832,18
1416,5/14/2020,Puducherry,5112,4963,18
1417,5/15/2020,Puducherry,5312,5162,21
1418,5/16/2020,Puducherry,5484,5320,22
1419,5/17/2020,Puducherry,5619,5501,22
1420,5/18/2020,Puducherry,5754,5709,22
1421,5/19/2020,Puducherry,5829,5762,22
1422,5/20/2020,Puducherry,5960,5889,24
1423,5/21/2020,Puducherry,6106,5995,31
1424,5/22/2020,Puducherry,6233,6143,32
1425,5/23/2020,Puducherry,6349,6254,39
1426,5/24/2020,Puducherry,6536,6444,45
1427,5/25/2020,Puducherry,6606,6537,47
1428,5/26/2020,Puducherry,6677,6593,52
1429,5/27/2020,Puducherry,6808,6711,60
1430,5/28/2020,Puducherry,6917,6286,61
1431,5/29/2020,Puducherry,7043,6910,65
1432,5/30/2020,Puducherry,7164,7004,71
1433,5/31/2020,Puducherry,7255,7116,81
1434,6/1/2020,Puducherry,7354,7198,81
1435,6/2/2020,Puducherry,7444,7339,91
1436,6/3/2020,Puducherry,7576,7447,98
1437,6/4/2020,Puducherry,7794,7647,109
1438,6/5/2020,Puducherry,7963,7791,115
1439,6/6/2020,Puducherry,8118,7968,118
1440,6/7/2020,Puducherry,8274,8112,134
1441,6/8/2020,Puducherry,8472,8292,142
1442,6/9/2020,Puducherry,11752,11548,143
1443,6/10/2020,Puducherry,8954,8712,156
1444,4/2/2020,Punjab,1434,1236,37
1445,4/8/2020,Punjab,2937,2614,106
1446,4/9/2020,Punjab,3192,2777,130
1447,4/10/2020,Punjab,3461,2972,151
1448,4/11/2020,Punjab,3909,3249,158
1449,4/12/2020,Punjab,4281,3590,170
1450,4/13/2020,Punjab,4480,3858,176
1451,4/14/2020,Punjab,4844,4047,184
1452,4/15/2020,Punjab,5193,4404,186
1453,4/16/2020,Punjab,5524,4727,197
1454,4/17/2020,Punjab,5988,5113,211
1455,4/18/2020,Punjab,6167,5354,234
1456,4/19/2020,Punjab,6607,5949,244
1457,4/20/2020,Punjab,6797,6273,245
1458,4/21/2020,Punjab,7355,6769,251
1459,4/22/2020,Punjab,7887,7100,257
1460,4/23/2020,Punjab,8757,7433,283
1461,4/24/2020,Punjab,10611,8310,298
1462,4/25/2020,Punjab,13270,9392,308
1463,4/26/2020,Punjab,14317,10497,322
1464,4/27/2020,Punjab,15516,12333,330
1465,4/28/2020,Punjab,17021,13966,342
1466,4/29/2020,Punjab,18670,15690,375
1467,4/30/2020,Punjab,21205,17286,480
1468,5/1/2020,Punjab,23176,18222,585
1469,5/2/2020,Punjab,24868,19316,772
1470,5/3/2020,Punjab,26439,20197,1102
1471,5/4/2020,Punjab,28545,21295,1232
1472,5/5/2020,Punjab,30199,23352,1451
1473,5/6/2020,Punjab,32060,24303,1526
1474,5/7/2020,Punjab,34701,28933,1644
1475,5/8/2020,Punjab,37950,31219,1731
1476,5/9/2020,Punjab,39462,33639,1762
1477,5/10/2020,Punjab,40962,35293,1823
1478,5/11/2020,Punjab,42306,37993,1877
1479,5/12/2020,Punjab,43999,39060,1914
1480,5/13/2020,Punjab,46026,40637,1924
1481,5/14/2020,Punjab,47408,42425,1935
1482,5/15/2020,Punjab,49301,44319,1932
1483,5/16/2020,Punjab,50613,46028,1946
1484,5/17/2020,Punjab,51812,47484,1964
1485,5/18/2020,Punjab,52955,48813,1980
1486,5/19/2020,Punjab,55634,50070,2002
1487,5/20/2020,Punjab,57737,51956,2005
1488,5/21/2020,Punjab,59618,53871,2028
1489,5/22/2020,Punjab,62399,55777,2029
1490,5/23/2020,Punjab,63567,57899,2045
1491,5/24/2020,Punjab,66142,60114,2060
1492,5/25/2020,Punjab,67213,62686,2081
1493,5/26/2020,Punjab,69818,64160,2106
1494,5/27/2020,Punjab,72468,66417,2139
1495,5/28/2020,Punjab,72468,67325,2158
1496,5/29/2020,Punjab,81021,,2197
1497,5/30/2020,Punjab,84497,,2233
1498,5/31/2020,Punjab,87852,,2263
1499,6/1/2020,Punjab,91113,,2301
1500,6/2/2020,Punjab,96329,,2342
1501,6/3/2020,Punjab,101036,,2376
1502,6/4/2020,Punjab,106933,,2415
1503,6/5/2020,Punjab,113542,,2461
1504,6/6/2020,Punjab,115974,,2515
1505,6/7/2020,Punjab,124266,,2608
1506,6/8/2020,Punjab,129821,,2663
1507,6/9/2020,Punjab,136343,,2719
1508,6/10/2020,Punjab,144467,,2805
1509,4/5/2020,Rajasthan,12279,11439,260
1510,4/7/2020,Rajasthan,17638,16401,363
1511,4/8/2020,Rajasthan,17638,16401,363
1512,4/9/2020,Rajasthan,19107,17851,463
1513,4/10/2020,Rajasthan,22349,20698,561
1514,4/11/2020,Rajasthan,24857,22583,678
1515,4/12/2020,Rajasthan,28505,25105,796
1516,4/13/2020,Rajasthan,31804,28657,847
1517,4/14/2020,Rajasthan,34928,29376,1005
1518,4/15/2020,Rajasthan,37860,31902,1076
1519,4/16/2020,Rajasthan,40778,33739,1101
1520,4/17/2020,Rajasthan,42847,36153,1229
1521,4/18/2020,Rajasthan,47197,39092,1282
1522,4/19/2020,Rajasthan,51614,43537,1478
1523,4/20/2020,Rajasthan,57290,47657,1576
1524,4/21/2020,Rajasthan,61492,54100,1735
1525,4/22/2020,Rajasthan,66257,58552,1888
1526,4/23/2020,Rajasthan,69764,63485,1964
1527,4/24/2020,Rajasthan,74484,68133,2034
1528,4/25/2020,Rajasthan,78993,71806,2083
1529,4/26/2020,Rajasthan,82942,75670,2185
1530,4/27/2020,Rajasthan,87777,80830,2262
1531,4/28/2020,Rajasthan,92506,85834,2364
1532,4/29/2020,Rajasthan,97790,90108,2438
1533,4/30/2020,Rajasthan,103704,,2584
1534,5/1/2020,Rajasthan,108543,100277,2666
1535,5/2/2020,Rajasthan,113934,104705,2720
1536,5/3/2020,Rajasthan,120240,112345,2886
1537,5/4/2020,Rajasthan,129258,122513,3061
1538,5/5/2020,Rajasthan,134987,128297,3158
1539,5/6/2020,Rajasthan,139580,134172,3317
1540,5/7/2020,Rajasthan,145510,139830,3427
1541,5/8/2020,Rajasthan,152245,146198,3579
1542,5/9/2020,Rajasthan,159157,152296,3708
1543,5/10/2020,Rajasthan,166424,158830,3814
1544,5/11/2020,Rajasthan,176130,168546,3988
1545,5/12/2020,Rajasthan,185610,,4126
1546,5/13/2020,Rajasthan,194683,186125,4328
1547,5/14/2020,Rajasthan,204243,197269,4534
1548,5/15/2020,Rajasthan,212317,203770,4747
1549,5/16/2020,Rajasthan,221439,213395,4960
1550,5/17/2020,Rajasthan,231946,221764,5202
1551,5/18/2020,Rajasthan,243476,234165,5375
1552,5/19/2020,Rajasthan,254533,244955,5845
1553,5/20/2020,Rajasthan,265555,254128,6015
1554,5/21/2020,Rajasthan,275974,266687,6227
1555,5/22/2020,Rajasthan,287164,277744,6494
1556,5/23/2020,Rajasthan,303935,292384,6657
1557,5/24/2020,Rajasthan,317067,306209,7028
1558,5/25/2020,Rajasthan,327836,318146,7300
1559,5/26/2020,Rajasthan,337159,326368,7536
1560,5/27/2020,Rajasthan,350600,338611,7816
1561,5/28/2020,Rajasthan,365556,351861,8067
1562,5/29/2020,Rajasthan,379315,365925,8365
1563,5/30/2020,Rajasthan,395490,382315,8617
1564,5/31/2020,Rajasthan,409777,396789,8831
1565,6/1/2020,Rajasthan,425184,411965,9100
1566,6/2/2020,Rajasthan,440789,428471,9373
1567,6/3/2020,Rajasthan,454788,440850,9652
1568,6/4/2020,Rajasthan,467129,451826,9862
1569,6/5/2020,Rajasthan,480910,465349,10084
1570,6/6/2020,Rajasthan,494480,478366,10337
1571,6/7/2020,Rajasthan,506784,491233,10599
1572,6/8/2020,Rajasthan,518350,503208,10876
1573,6/9/2020,Rajasthan,530031,515872,11245
1574,6/10/2020,Rajasthan,543312,527864,11600
1575,5/4/2020,Sikkim,170,169,0
1576,5/5/2020,Sikkim,181,171,0
1577,5/6/2020,Sikkim,189,189,0
1578,5/7/2020,Sikkim,216,207,0
1579,5/8/2020,Sikkim,216,214,0
1580,5/9/2020,Sikkim,219,219,0
1581,5/10/2020,Sikkim,219,219,0
1582,5/11/2020,Sikkim,219,219,0
1583,5/12/2020,Sikkim,348,229,0
1584,5/13/2020,Sikkim,439,268,0
1585,5/14/2020,Sikkim,579,292,0
1586,5/15/2020,Sikkim,348,229,0
1587,5/16/2020,Sikkim,840,424,0
1588,5/17/2020,Sikkim,947,449,0
1589,5/18/2020,Sikkim,1087,536,0
1590,5/19/2020,Sikkim,1204,827,0
1591,5/20/2020,Sikkim,1342,955,0
1592,5/22/2020,Sikkim,1637,1347,0
1593,5/23/2020,Sikkim,1707,1398,0
1594,5/24/2020,Sikkim,1855,1471,1
1595,5/25/2020,Sikkim,2103,1508,1
1596,5/26/2020,Sikkim,2255,1508,1
1597,5/27/2020,Sikkim,2417,1665,1
1598,5/28/2020,Sikkim,2626,1801,1
1599,5/29/2020,Sikkim,2759,1880,1
1600,5/30/2020,Sikkim,2829,2015,1
1601,5/31/2020,Sikkim,2925,2173,1
1602,6/1/2020,Sikkim,3525,2601,1
1603,6/2/2020,Sikkim,3788,2857,1
1604,6/3/2020,Sikkim,4102,3062,2
1605,6/4/2020,Sikkim,4358,3894,2
1606,6/5/2020,Sikkim,4761,4143,3
1607,6/6/2020,Sikkim,5005,4273,3
1608,6/8/2020,Sikkim,5547,4953,6
1609,6/9/2020,Sikkim,5815,5508,12
1610,6/10/2020,Sikkim,6161,5850,12
1611,4/3/2020,Tamil Nadu,3684,2789,411
1612,4/8/2020,Tamil Nadu,5305,4414,690
1613,4/9/2020,Tamil Nadu,7267,5824,834
1614,4/10/2020,Tamil Nadu,8410,6838,911
1615,4/11/2020,Tamil Nadu,9842,7779,969
1616,4/12/2020,Tamil Nadu,10655,,1075
1617,4/13/2020,Tamil Nadu,12746,,1173
1618,4/14/2020,Tamil Nadu,19255,13234,1204
1619,4/15/2020,Tamil Nadu,21994,15210,1242
1620,4/16/2020,Tamil Nadu,26005,18743,1267
1621,4/17/2020,Tamil Nadu,29673,21628,1323
1622,4/18/2020,Tamil Nadu,35036,27192,1372
1623,4/19/2020,Tamil Nadu,40876,31853,1477
1624,4/20/2020,Tamil Nadu,46985,38082,1520
1625,4/21/2020,Tamil Nadu,53045,43582,1596
1626,4/22/2020,Tamil Nadu,59023,49506,1629
1627,4/23/2020,Tamil Nadu,65977,56836,1683
1628,4/24/2020,Tamil Nadu,72403,62596,1755
1629,4/25/2020,Tamil Nadu,80110,69390,1821
1630,4/26/2020,Tamil Nadu,87605,77133,1885
1631,4/27/2020,Tamil Nadu,94781,83021,1937
1632,4/28/2020,Tamil Nadu,101874,97908,2058
1633,4/29/2020,Tamil Nadu,109961,105864,2162
1634,4/30/2020,Tamil Nadu,119748,115761,2323
1635,5/1/2020,Tamil Nadu,129363,124852,2526
1636,5/2/2020,Tamil Nadu,139490,135698,2757
1637,5/3/2020,Tamil Nadu,150107,145520,3023
1638,5/4/2020,Tamil Nadu,162970,158558,3550
1639,5/5/2020,Tamil Nadu,174828,170174,4058
1640,5/6/2020,Tamil Nadu,188241,182541,4829
1641,5/7/2020,Tamil Nadu,202436,195831,5409
1642,5/8/2020,Tamil Nadu,216416,209495,6009
1643,5/9/2020,Tamil Nadu,229670,222576,6535
1644,5/10/2020,Tamil Nadu,243037,235157,7204
1645,5/11/2020,Tamil Nadu,254899,245562,8002
1646,5/12/2020,Tamil Nadu,266687,256720,8718
1647,5/13/2020,Tamil Nadu,279467,269758,9227
1648,5/14/2020,Tamil Nadu,291432,281001,9674
1649,5/15/2020,Tamil Nadu,303104,292045,10108
1650,5/16/2020,Tamil Nadu,313639,302523,10585
1651,5/17/2020,Tamil Nadu,326720,315019,11224
1652,5/18/2020,Tamil Nadu,337841,325546,11760
1653,5/19/2020,Tamil Nadu,348174,334839,12448
1654,5/20/2020,Tamil Nadu,360068,346311,13191
1655,5/21/2020,Tamil Nadu,372532,357898,13967
1656,5/22/2020,Tamil Nadu,385185,369929,14735
1657,5/23/2020,Tamil Nadu,397340,381216,15512
1658,5/24/2020,Tamil Nadu,409615,392690,16277
1659,5/25/2020,Tamil Nadu,421450,403762,17082
1660,5/26/2020,Tamil Nadu,431739,413455,17728
1661,5/27/2020,Tamil Nadu,442970,423775,18545
1662,5/28/2020,Tamil Nadu,455216,435279,19372
1663,5/29/2020,Tamil Nadu,466550,445668,20246
1664,5/30/2020,Tamil Nadu,479155,457405,21184
1665,5/31/2020,Tamil Nadu,491962,468940,22333
1666,6/1/2020,Tamil Nadu,503339,479208,23495
1667,6/2/2020,Tamil Nadu,514433,489258,24586
1668,6/3/2020,Tamil Nadu,528534,502173,25872
1669,6/4/2020,Tamil Nadu,544981,517137,27256
1670,6/5/2020,Tamil Nadu,560673,535254,28694
1671,6/6/2020,Tamil Nadu,576695,545896,30152
1672,6/7/2020,Tamil Nadu,592970,560890,31667
1673,6/8/2020,Tamil Nadu,607952,574209,33229
1674,6/9/2020,Tamil Nadu,621171,585678,34914
1675,6/10/2020,Tamil Nadu,638846,601363,36841
1676,4/19/2020,Telangana,14962,14104,858
1677,4/28/2020,Telangana,19063,,1009
1678,4/29/2020,Telangana,19278,,1016
1679,5/16/2020,Telangana,23388,,1551
1680,4/11/2020,Tripura,337,335,2
1681,4/15/2020,Tripura,738,,2
1682,4/16/2020,Tripura,762,760,2
1683,4/21/2020,Tripura,2604,2602,2
1684,4/22/2020,Tripura,3215,3123,2
1685,5/1/2020,Tripura,4828,4825,3
1686,5/2/2020,Tripura,4955,4950,5
1687,5/3/2020,Tripura,5162,5157,5
1688,5/4/2020,Tripura,5394,5377,17
1689,5/5/2020,Tripura,5850,5820,30
1690,5/6/2020,Tripura,6228,6185,43
1691,5/7/2020,Tripura,6917,6828,89
1692,5/8/2020,Tripura,7448,7359,89
1693,5/9/2020,Tripura,8340,8221,119
1694,5/10/2020,Tripura,9091,8955,136
1695,5/11/2020,Tripura,9596,9442,154
1696,5/12/2020,Tripura,10344,10189,155
1697,5/13/2020,Tripura,11146,10991,155
1698,5/14/2020,Tripura,11804,11648,156
1699,5/15/2020,Tripura,12561,12405,156
1700,5/16/2020,Tripura,13178,13011,167
1701,5/17/2020,Tripura,13750,13583,167
1702,5/18/2020,Tripura,14286,14119,167
1703,5/19/2020,Tripura,15083,14914,169
1704,5/20/2020,Tripura,15822,15694,173
1705,5/21/2020,Tripura,16873,16610,173
1706,5/22/2020,Tripura,17721,17546,175
1707,5/23/2020,Tripura,18737,18546,191
1708,5/24/2020,Tripura,19278,19537,191
1709,5/25/2020,Tripura,20871,20637,198
1710,5/26/2020,Tripura,22049,21840,209
1711,5/27/2020,Tripura,23264,23032,232
1712,5/28/2020,Tripura,24126,23884,242
1713,5/29/2020,Tripura,25403,25159,244
1714,5/30/2020,Tripura,26376,26105,271
1715,5/31/2020,Tripura,27475,27159,316
1716,6/1/2020,Tripura,28360,27937,423
1717,6/2/2020,Tripura,29066,28595,471
1718,6/3/2020,Tripura,30481,29859,622
1719,6/4/2020,Tripura,31138,30492,646
1720,6/5/2020,Tripura,32300,31606,694
1721,6/6/2020,Tripura,33331,32582,749
1722,6/7/2020,Tripura,35263,34461,802
1723,6/8/2020,Tripura,37453,36613,840
1724,6/9/2020,Tripura,38572,37706,866
1725,6/10/2020,Tripura,40027,39130,897
1726,4/5/2020,Uttar Pradesh,5255,4796,278
1727,4/5/2020,Uttar Pradesh,5255,4796,278
1728,4/9/2020,Uttar Pradesh,8402,7898,410
1729,4/10/2020,Uttar Pradesh,9332,8798,433
1730,4/11/2020,Uttar Pradesh,10595,10012,452
1731,4/12/2020,Uttar Pradesh,11855,11250,483
1732,4/13/2020,Uttar Pradesh,13287,12542,558
1733,4/14/2020,Uttar Pradesh,15914,15134,660
1734,4/15/2020,Uttar Pradesh,19506,18595,727
1735,4/16/2020,Uttar Pradesh,21384,20374,805
1736,4/17/2020,Uttar Pradesh,24643,23648,849
1737,4/18/2020,Uttar Pradesh,28484,27262,974
1738,4/19/2020,Uttar Pradesh,31767,,1100
1739,4/20/2020,Uttar Pradesh,34326,32874,1184
1740,4/21/2020,Uttar Pradesh,37933,36378,1337
1741,4/22/2020,Uttar Pradesh,42192,40263,1449
1742,4/23/2020,Uttar Pradesh,45483,43495,1510
1743,4/24/2020,Uttar Pradesh,53166,51161,1621
1744,4/25/2020,Uttar Pradesh,56851,54216,1793
1745,4/26/2020,Uttar Pradesh,61799,58492,1873
1746,4/27/2020,Uttar Pradesh,67145,64139,1896
1747,4/28/2020,Uttar Pradesh,70307,67266,2053
1748,4/29/2020,Uttar Pradesh,73716,70436,2134
1749,4/30/2020,Uttar Pradesh,78013,74864,2211
1750,5/1/2020,Uttar Pradesh,82459,79091,2328
1751,5/2/2020,Uttar Pradesh,85729,82356,2487
1752,5/3/2020,Uttar Pradesh,95841,91828,2645
1753,5/4/2020,Uttar Pradesh,98300,94682,2766
1754,5/5/2020,Uttar Pradesh,105234,101389,2880
1755,5/6/2020,Uttar Pradesh,109888,106043,2998
1756,5/7/2020,Uttar Pradesh,113670,109628,3071
1757,5/8/2020,Uttar Pradesh,119688,115646,3214
1758,5/9/2020,Uttar Pradesh,124791,120764,3373
1759,5/10/2020,Uttar Pradesh,129955,125696,3467
1760,5/11/2020,Uttar Pradesh,135760,131293,3573
1761,5/12/2020,Uttar Pradesh,140166,135754,3664
1762,5/13/2020,Uttar Pradesh,145637,141068,3578
1763,5/14/2020,Uttar Pradesh,153139,147755,3902
1764,5/15/2020,Uttar Pradesh,159282,153588,4057
1765,5/16/2020,Uttar Pradesh,163105,157001,4258
1766,5/17/2020,Uttar Pradesh,172219,165832,4464
1767,5/18/2020,Uttar Pradesh,176479,170132,4605
1768,5/19/2020,Uttar Pradesh,182184,175412,4926
1769,5/20/2020,Uttar Pradesh,191164,184209,5175
1770,5/21/2020,Uttar Pradesh,206811,199469,5515
1771,5/22/2020,Uttar Pradesh,214060,207079,5735
1772,5/23/2020,Uttar Pradesh,217867,210864,6017
1773,5/24/2020,Uttar Pradesh,229621,222341,6268
1774,5/25/2020,Uttar Pradesh,235622,228173,6497
1775,5/26/2020,Uttar Pradesh,240588,232290,6724
1776,5/27/2020,Uttar Pradesh,240588,239592,6991
1777,5/28/2020,Uttar Pradesh,256267,247747,7170
1778,5/29/2020,Uttar Pradesh,270920,261911,7445
1779,5/30/2020,Uttar Pradesh,279288,270160,7701
1780,5/31/2020,Uttar Pradesh,289892,279569,8075
1781,6/1/2020,Uttar Pradesh,297903,287806,8361
1782,6/2/2020,Uttar Pradesh,307621,296705,8729
1783,6/3/2020,Uttar Pradesh,317780,306672,8870
1784,6/4/2020,Uttar Pradesh,330663,318562,9237
1785,6/5/2020,Uttar Pradesh,344717,332126,9733
1786,6/6/2020,Uttar Pradesh,355085,342360,10103
1787,6/7/2020,Uttar Pradesh,360258,346684,10536
1788,6/8/2020,Uttar Pradesh,380723,366630,10947
1789,6/9/2020,Uttar Pradesh,391286,377667,11335
1790,6/10/2020,Uttar Pradesh,404637,390841,11610
1791,4/2/2020,Uttarakhand,678,554,7
1792,4/7/2020,Uttarakhand,1289,1092,32
1793,4/9/2020,Uttarakhand,1531,1235,35
1794,4/10/2020,Uttarakhand,1688,1320,35
1795,4/11/2020,Uttarakhand,1705,1340,35
1796,4/12/2020,Uttarakhand,1820,1452,35
1797,4/13/2020,Uttarakhand,1998,1665,35
1798,4/14/2020,Uttarakhand,2174,1838,35
1799,4/15/2020,Uttarakhand,2413,2022,37
1800,4/16/2020,Uttarakhand,2593,2210,37
1801,4/17/2020,Uttarakhand,2831,2420,40
1802,4/18/2020,Uttarakhand,3158,2710,42
1803,4/19/2020,Uttarakhand,3344,3046,44
1804,4/20/2020,Uttarakhand,3677,3228,46
1805,4/21/2020,Uttarakhand,4061,3445,46
1806,4/22/2020,Uttarakhand,4275,3664,46
1807,4/23/2020,Uttarakhand,4473,3879,47
1808,4/24/2020,Uttarakhand,4767,4239,48
1809,4/25/2020,Uttarakhand,5194,4423,48
1810,4/26/2020,Uttarakhand,5277,4675,50
1811,4/27/2020,Uttarakhand,5463,4912,51
1812,4/28/2020,Uttarakhand,5739,5212,52
1813,4/29/2020,Uttarakhand,6046,5547,54
1814,4/30/2020,Uttarakhand,6565,6100,57
1815,5/1/2020,Uttarakhand,7042,6533,57
1816,5/2/2020,Uttarakhand,7369,6786,59
1817,5/3/2020,Uttarakhand,7578,6986,60
1818,5/4/2020,Uttarakhand,7806,7134,60
1819,5/5/2020,Uttarakhand,8060,7357,61
1820,5/6/2020,Uttarakhand,8346,7698,61
1821,5/7/2020,Uttarakhand,8783,8138,61
1822,5/8/2020,Uttarakhand,9116,8485,61
1823,5/9/2020,Uttarakhand,9386,8659,67
1824,5/10/2020,Uttarakhand,9668,8990,68
1825,5/11/2020,Uttarakhand,9915,9151,68
1826,5/12/2020,Uttarakhand,10471,9390,68
1827,5/13/2020,Uttarakhand,10792,9750,70
1828,5/14/2020,Uttarakhand,11294,10157,75
1829,5/15/2020,Uttarakhand,12045,10523,79
1830,5/16/2020,Uttarakhand,12597,10990,88
1831,5/17/2020,Uttarakhand,13212,11316,92
1832,5/18/2020,Uttarakhand,13870,11812,93
1833,5/19/2020,Uttarakhand,14691,12242,104
1834,5/20/2020,Uttarakhand,15503,12945,120
1835,5/21/2020,Uttarakhand,16528,13808,132
1836,5/22/2020,Uttarakhand,18008,14960,151
1837,5/23/2020,Uttarakhand,19248,15757,173
1838,5/24/2020,Uttarakhand,20969,16640,293
1839,5/25/2020,Uttarakhand,22117,17315,332
1840,5/26/2020,Uttarakhand,23076,18193,400
1841,5/27/2020,Uttarakhand,23975,18645,438
1842,5/28/2020,Uttarakhand,25380,19702,493
1843,5/29/2020,Uttarakhand,26951,20636,602
1844,5/30/2020,Uttarakhand,28433,21512,727
1845,5/31/2020,Uttarakhand,30438,22546,802
1846,6/1/2020,Uttarakhand,31703,23400,929
1847,6/2/2020,Uttarakhand,33081,24262,999
1848,6/3/2020,Uttarakhand,34413,25385,1066
1849,6/4/2020,Uttarakhand,35117,26093,1145
1850,6/5/2020,Uttarakhand,35967,27184,1215
1851,6/6/2020,Uttarakhand,36638,28172,1245
1852,6/7/2020,Uttarakhand,37166,28945,1341
1853,6/8/2020,Uttarakhand,39133,30620,1380
1854,6/9/2020,Uttarakhand,40264,31945,1488
1855,6/10/2020,Uttarakhand,40872,33369,1560
1856,4/1/2020,West Bengal,659,568,37
1857,4/4/2020,West Bengal,1042,,
1858,4/6/2020,West Bengal,1301,,
1859,4/7/2020,West Bengal,1487,,
1860,4/9/2020,West Bengal,1889,,
1861,4/10/2020,West Bengal,2095,,
1862,4/11/2020,West Bengal,2286,,126
1863,4/12/2020,West Bengal,2523,,134
1864,4/13/2020,West Bengal,2793,,152
1865,4/14/2020,West Bengal,3081,,190
1866,4/15/2020,West Bengal,3470,,213
1867,4/16/2020,West Bengal,3811,,231
1868,4/17/2020,West Bengal,4212,,255
1869,4/18/2020,West Bengal,4630,,287
1870,4/19/2020,West Bengal,5045,,310
1871,4/20/2020,West Bengal,5469,,339
1872,4/21/2020,West Bengal,6182,,392
1873,4/22/2020,West Bengal,7037,,423
1874,4/23/2020,West Bengal,7990,,456
1875,4/24/2020,West Bengal,8933,,514
1876,4/25/2020,West Bengal,9880,,571
1877,4/26/2020,West Bengal,10893,,611
1878,4/27/2020,West Bengal,12043,,649
1879,4/28/2020,West Bengal,13223,,697
1880,4/29/2020,West Bengal,14620,,725
1881,4/30/2020,West Bengal,16525,,758
1882,5/1/2020,West Bengal,18566,,
1883,5/2/2020,West Bengal,20976,,795
1884,5/3/2020,West Bengal,22915,,922
1885,5/4/2020,West Bengal,25116,,1259
1886,5/5/2020,West Bengal,27571,,1344
1887,5/6/2020,West Bengal,30141,,1456
1888,5/7/2020,West Bengal,32752,,1548
1889,5/8/2020,West Bengal,35767,,1678
1890,5/9/2020,West Bengal,39368,,1786
1891,5/10/2020,West Bengal,43414,,1939
1892,5/11/2020,West Bengal,47615,,2063
1893,5/12/2020,West Bengal,52622,,2173
1894,5/13/2020,West Bengal,57632,,2290
1895,5/14/2020,West Bengal,62837,,2377
1896,5/15/2020,West Bengal,69543,,2461
1897,5/16/2020,West Bengal,77288,,2576
1898,5/17/2020,West Bengal,85956,,2677
1899,5/18/2020,West Bengal,93570,,2825
1900,5/19/2020,West Bengal,102282,,2961
1901,5/20/2020,West Bengal,111002,,3103
1902,5/21/2020,West Bengal,115244,,3197
1903,5/22/2020,West Bengal,120599,,3332
1904,5/23/2020,West Bengal,129608,,3459
1905,5/24/2020,West Bengal,138824,,3667
1906,5/25/2020,West Bengal,148049,,3816
1907,5/26/2020,West Bengal,157277,,4009
1908,5/27/2020,West Bengal,166513,,4192
1909,5/28/2020,West Bengal,175769,,4536
1910,5/29/2020,West Bengal,185051,,4813
1911,5/30/2020,West Bengal,194397,,5130
1912,5/31/2020,West Bengal,203751,,5501
1913,6/1/2020,West Bengal,213231,,5772
1914,6/2/2020,West Bengal,222726,,6168
1915,6/3/2020,West Bengal,232225,,6508
1916,6/4/2020,West Bengal,241831,,6876
1917,6/5/2020,West Bengal,251517,,7303
1918,6/6/2020,West Bengal,261288,,7738
1919,6/7/2020,West Bengal,271074,,8187
1920,6/8/2020,West Bengal,280098,,8613
1921,6/9/2020,West Bengal,287900,,8985
1922,6/10/2020,West Bengal,297419,,9328
